日期,股票代码,名称,收盘价,最高价,最低价,开盘价,前收盘,涨跌额,涨跌幅,换手率,成交量,成交金额,总市值,流通市值,成交笔数
2019-11-29,'600008,首创股份,3.28,3.28,3.25,3.26,3.26,0.02,0.6135,0.1005,5713621,18636696.0,18648270119.0,18648270119.0,None
2019-11-28,'600008,首创股份,3.26,3.28,3.25,3.27,3.26,0.0,0.0,0.1315,7476789,24388250.0,18534561154.8,18534561154.8,None
2019-11-27,'600008,首创股份,3.26,3.28,3.24,3.25,3.26,0.0,0.0,0.1067,6066800,19786600.0,18534561154.8,18534561154.8,None
2019-11-26,'600008,首创股份,3.26,3.29,3.25,3.27,3.27,-0.01,-0.3058,0.1274,7244691,23647024.0,18534561154.8,18534561154.8,None
2019-11-25,'600008,首创股份,3.27,3.29,3.21,3.24,3.24,0.03,0.9259,0.1813,10309838,33605850.0,18591415636.9,18591415636.9,None
2019-11-22,'600008,首创股份,3.24,3.28,3.23,3.24,3.24,0.0,0.0,0.1506,8561200,27899604.0,18420852190.7,18420852190.7,None
2019-11-21,'600008,首创股份,3.24,3.24,3.2,3.21,3.22,0.02,0.6211,0.081,4606950,14861149.0,18420852190.7,18420852190.7,None
2019-11-20,'600008,首创股份,3.22,3.26,3.21,3.26,3.25,-0.03,-0.9231,0.1011,5749422,18557682.0,18307143226.5,18307143226.5,None
2019-11-19,'600008,首创股份,3.25,3.25,3.19,3.21,3.19,0.06,1.8809,0.1316,7484334,24176966.0,18477706672.8,18477706672.8,None
2019-11-18,'600008,首创股份,3.19,3.21,3.15,3.17,3.19,0.0,0.0,0.1214,6900498,21992145.0,18136579780.3,18136579780.3,None
2019-11-15,'600008,首创股份,3.19,3.23,3.18,3.22,3.22,-0.03,-0.9317,0.1023,5814931,18635330.0,18136579780.3,18136579780.3,None
2019-11-14,'600008,首创股份,3.22,3.23,3.17,3.22,3.19,0.03,0.9404,0.1357,7717138,24763664.0,18307143226.5,18307143226.5,None
2019-11-13,'600008,首创股份,3.19,3.26,3.19,3.26,3.24,-0.05,-1.5432,0.186,8966510,28794793.0,18136579780.3,15377759055.6,None
2019-11-12,'600008,首创股份,3.24,3.27,3.23,3.25,3.25,-0.01,-0.3077,0.1374,6623506,21488699.0,18420852190.7,15618789761.8,None
2019-11-11,'600008,首创股份,3.25,3.31,3.25,3.31,3.32,-0.07,-2.1084,0.1881,9066011,29621827.0,18477706672.8,15666995903.0,None
2019-11-08,'600008,首创股份,3.32,3.34,3.31,3.33,3.32,0.0,0.0,0.1448,6978400,23217355.0,18875688047.2,16004438891.7,None
2019-11-07,'600008,首创股份,3.32,3.35,3.31,3.33,3.32,0.0,0.0,0.1378,6640571,22082081.0,18875688047.2,16004438891.7,None
2019-11-06,'600008,首创股份,3.32,3.36,3.3,3.36,3.35,-0.03,-0.8955,0.1719,8284294,27579688.0,18875688047.2,16004438891.7,None
2019-11-05,'600008,首创股份,3.35,3.37,3.34,3.36,3.35,0.0,0.0,0.1351,6514844,21861344.0,19046251493.5,16149057315.4,None
2019-11-04,'600008,首创股份,3.35,3.38,3.34,3.34,3.34,0.01,0.2994,0.2191,10560730,35481283.0,19046251493.5,16149057315.4,None
2019-11-01,'600008,首创股份,3.34,3.36,3.31,3.32,3.32,0.02,0.6024,0.2096,10102963,33736379.0,18989397011.4,16100851174.2,None
2019-10-31,'600008,首创股份,3.32,3.37,3.31,3.35,3.36,-0.04,-1.1905,0.1887,9098047,30393488.0,18875688047.2,16004438891.7,None
2019-10-30,'600008,首创股份,3.36,3.42,3.36,3.4,3.42,-0.06,-1.7544,0.2694,12987779,43789758.0,19103105975.5,16197263456.6,None
2019-10-29,'600008,首创股份,3.42,3.46,3.41,3.44,3.45,-0.03,-0.8696,0.1873,9029600,30934751.0,19444232867.9,16486500304.1,None
2019-10-28,'600008,首创股份,3.45,3.46,3.42,3.42,3.43,0.02,0.5831,0.2544,12262105,42255792.0,19614796314.2,16631118727.8,None
2019-10-25,'600008,首创股份,3.43,3.44,3.39,3.41,3.42,0.01,0.2924,0.1577,7600391,25939726.0,19501087350.0,16534706445.3,None
2019-10-24,'600008,首创股份,3.42,3.43,3.38,3.38,3.39,0.03,0.885,0.179,8631300,29368706.0,19444232867.9,16486500304.1,None
2019-10-23,'600008,首创股份,3.39,3.46,3.38,3.44,3.43,-0.04,-1.1662,0.1403,6764323,23081399.0,19273669421.7,16341881880.4,None
2019-10-22,'600008,首创股份,3.43,3.45,3.38,3.39,3.39,0.04,1.1799,0.2336,11262686,38528258.0,19501087350.0,16534706445.3,None
2019-10-21,'600008,首创股份,3.39,3.41,3.36,3.41,3.41,-0.02,-0.5865,0.2399,11565322,39124760.0,19273669421.7,16341881880.4,None
2019-10-18,'600008,首创股份,3.41,3.49,3.4,3.48,3.47,-0.06,-1.7291,0.2628,12667068,43695986.0,19387378385.9,16438294162.8,None
2019-10-17,'600008,首创股份,3.47,3.49,3.42,3.44,3.45,0.02,0.5797,0.3256,15695049,54441431.0,19728505278.3,16727531010.3,None
2019-10-16,'600008,首创股份,3.45,3.49,3.43,3.43,3.43,0.02,0.5831,0.3046,14681469,50841044.0,19614796314.2,16631118727.8,None
2019-10-15,'600008,首创股份,3.43,3.47,3.42,3.47,3.46,-0.03,-0.8671,0.1952,9409855,32299645.0,19501087350.0,16534706445.3,None
2019-10-14,'600008,首创股份,3.46,3.49,3.44,3.48,3.46,0.0,0.0,0.3043,14668357,50792171.0,19671650796.2,16679324869.0,None
2019-10-11,'600008,首创股份,3.46,3.47,3.41,3.42,3.41,0.05,1.4663,0.3232,15578219,53737443.0,19671650796.2,16679324869.0,None
2019-10-10,'600008,首创股份,3.41,3.42,3.36,3.38,3.38,0.03,0.8876,0.1956,9429135,32054581.0,19387378385.9,16438294162.8,None
2019-10-09,'600008,首创股份,3.38,3.4,3.31,3.35,3.36,0.02,0.5952,0.1681,8102917,27294012.0,19216814939.7,16293675739.1,None
2019-10-08,'600008,首创股份,3.36,3.38,3.32,3.32,3.32,0.04,1.2048,0.1819,8766700,29467811.0,19103105975.5,16197263456.6,None
2019-09-30,'600008,首创股份,3.32,3.38,3.32,3.35,3.36,-0.04,-1.1905,0.1964,9469800,31751564.0,18875688047.2,16004438891.7,None
2019-09-27,'600008,首创股份,3.36,3.4,3.33,3.35,3.36,0.0,0.0,0.2088,10067418,33952442.0,19103105975.5,16197263456.6,None
2019-09-26,'600008,首创股份,3.36,3.43,3.36,3.41,3.41,-0.05,-1.4663,0.3023,14570421,49237943.0,19103105975.5,16197263456.6,None
2019-09-25,'600008,首创股份,3.41,3.45,3.39,3.4,3.42,-0.01,-0.2924,0.2661,12829570,43912728.0,19387378385.9,16438294162.8,None
2019-09-24,'600008,首创股份,3.42,3.45,3.39,3.4,3.4,0.02,0.5882,0.2813,13561957,46569888.0,19444232867.9,16486500304.1,None
2019-09-23,'600008,首创股份,3.4,3.45,3.37,3.45,3.44,-0.04,-1.1628,0.2977,14351770,48824781.0,19330523903.8,16390088021.6,None
2019-09-20,'600008,首创股份,3.44,3.48,3.44,3.48,3.47,-0.03,-0.8646,0.2006,9670560,33373442.0,19557941832.1,16582912586.6,None
2019-09-19,'600008,首创股份,3.47,3.48,3.4,3.44,3.43,0.04,1.1662,0.2921,14082776,48475737.0,19728505278.3,16727531010.3,None
2019-09-18,'600008,首创股份,3.43,3.5,3.43,3.48,3.46,-0.03,-0.8671,0.2262,10902933,37762096.0,19501087350.0,16534706445.3,None
2019-09-17,'600008,首创股份,3.46,3.55,3.45,3.54,3.53,-0.07,-1.983,0.414,19959412,69705597.0,19671650796.2,16679324869.0,None
2019-09-16,'600008,首创股份,3.53,3.56,3.52,3.53,3.52,0.01,0.2841,0.4362,21027203,74422107.0,20069632170.7,17016767857.7,None
2019-09-12,'600008,首创股份,3.52,3.54,3.5,3.53,3.54,-0.02,-0.565,0.2944,14193578,49849011.0,20012777688.6,16968561716.5,None
2019-09-11,'600008,首创股份,3.54,3.54,3.5,3.53,3.52,0.02,0.5682,0.3331,16059608,56551965.0,20126486652.8,17064973999.0,None
2019-09-10,'600008,首创股份,3.52,3.56,3.49,3.52,3.54,-0.02,-0.565,0.3666,17671169,62182730.0,20012777688.6,16968561716.5,None
2019-09-09,'600008,首创股份,3.54,3.56,3.48,3.55,3.52,0.02,0.5682,0.5047,24330180,85670165.0,20126486652.8,17064973999.0,None
2019-09-06,'600008,首创股份,3.52,3.54,3.49,3.54,3.5,0.02,0.5714,0.3928,18937702,66551840.0,20012777688.6,16968561716.5,None
2019-09-05,'600008,首创股份,3.5,3.58,3.48,3.5,3.5,0.0,0.0,0.7196,34689682,122533234.0,19899068724.5,16872149434.0,None
2019-09-04,'600008,首创股份,3.5,3.5,3.44,3.44,3.46,0.04,1.1561,0.4364,21035764,73217014.0,19899068724.5,16872149434.0,None
2019-09-03,'600008,首创股份,3.46,3.48,3.39,3.41,3.42,0.04,1.1696,0.4175,20126124,69186701.0,19671650796.2,16679324869.0,None
2019-09-02,'600008,首创股份,3.42,3.43,3.33,3.34,3.35,0.07,2.0896,0.4075,19641751,66842903.0,19444232867.9,16486500304.1,None
2019-08-30,'600008,首创股份,3.35,3.43,3.33,3.4,3.38,-0.03,-0.8876,0.2738,13198754,44450156.0,19046251493.5,16149057315.4,None
2019-08-29,'600008,首创股份,3.38,3.42,3.36,3.42,3.4,-0.02,-0.5882,0.2429,11709500,39609137.0,19216814939.7,16293675739.1,None
2019-08-28,'600008,首创股份,3.4,3.44,3.34,3.35,3.37,0.03,0.8902,0.4278,20621158,69989290.0,19330523903.8,16390088021.6,None
2019-08-27,'600008,首创股份,3.37,3.38,3.32,3.33,3.31,0.06,1.8127,0.2908,14020464,47041374.0,19159960457.6,16245469597.9,None
2019-08-26,'600008,首创股份,3.31,3.33,3.28,3.3,3.37,-0.06,-1.7804,0.2187,10544294,34914008.0,18818833565.2,15956232750.4,None
2019-08-23,'600008,首创股份,3.37,3.37,3.34,3.37,3.36,0.01,0.2976,0.1982,9553043,32110080.0,19159960457.6,16245469597.9,None
2019-08-22,'600008,首创股份,3.36,3.39,3.33,3.38,3.38,-0.02,-0.5917,0.2166,10439744,35016008.0,19103105975.5,16197263456.6,None
2019-08-21,'600008,首创股份,3.38,3.38,3.34,3.36,3.34,0.04,1.1976,0.2772,13362654,44940174.0,19216814939.7,16293675739.1,None
2019-08-20,'600008,首创股份,3.34,3.41,3.34,3.35,3.34,0.0,0.0,0.3319,15998811,53809944.0,18989397011.4,16100851174.2,None
2019-08-19,'600008,首创股份,3.34,3.34,3.27,3.27,3.26,0.08,2.454,0.3831,18465868,61219569.0,18989397011.4,16100851174.2,None
2019-08-16,'600008,首创股份,3.26,3.29,3.25,3.27,3.27,-0.01,-0.3058,0.1908,9195697,30098563.0,18534561154.8,15715202044.2,None
2019-08-15,'600008,首创股份,3.27,3.28,3.2,3.23,3.28,-0.01,-0.3049,0.197,9495720,30791322.0,18591415636.9,15763408185.5,None
2019-08-14,'600008,首创股份,3.28,3.32,3.27,3.3,3.27,0.01,0.3058,0.2111,10175700,33554774.0,18648270119.0,15811614326.7,None
2019-08-13,'600008,首创股份,3.27,3.27,3.24,3.26,3.29,-0.02,-0.6079,0.1457,7023933,22869357.0,18591415636.9,15763408185.5,None
2019-08-12,'600008,首创股份,3.29,3.29,3.24,3.26,3.26,0.03,0.9202,0.1997,9627226,31385317.0,18705124601.0,15859820468.0,None
2019-08-09,'600008,首创股份,3.26,3.31,3.24,3.3,3.28,-0.02,-0.6098,0.2192,10568950,34571016.0,18534561154.8,15715202044.2,None
2019-08-08,'600008,首创股份,3.28,3.32,3.27,3.28,3.29,-0.01,-0.304,0.2452,11820534,38886705.0,18648270119.0,15811614326.7,None
2019-08-07,'600008,首创股份,3.29,3.33,3.28,3.31,3.3,-0.01,-0.303,0.203,9786320,32318541.0,18705124601.0,15859820468.0,None
2019-08-06,'600008,首创股份,3.3,3.34,3.24,3.31,3.39,-0.09,-2.6549,0.4569,22025984,72588431.0,18761979083.1,15908026609.2,None
2019-08-05,'600008,首创股份,3.39,3.41,3.37,3.4,3.42,-0.03,-0.8772,0.2155,10387242,35213327.0,19273669421.7,16341881880.4,None
2019-08-02,'600008,首创股份,3.42,3.42,3.35,3.36,3.42,0.0,0.0,0.3228,15562191,52594915.0,19444232867.9,16486500304.1,None
2019-08-01,'600008,首创股份,3.42,3.46,3.4,3.45,3.46,-0.04,-1.1561,0.2904,13999197,47884940.0,19444232867.9,16486500304.1,None
2019-07-31,'600008,首创股份,3.46,3.5,3.44,3.5,3.51,-0.05,-1.4245,0.3008,14501900,50265983.0,19671650796.2,16679324869.0,None
2019-07-30,'600008,首创股份,3.51,3.53,3.49,3.49,3.5,0.01,0.2857,0.2106,10151800,35687390.0,19955923206.6,16920355575.2,None
2019-07-29,'600008,首创股份,3.5,3.52,3.48,3.49,3.51,-0.01,-0.2849,0.1821,8778740,30684203.0,19899068724.5,16872149434.0,None
2019-07-26,'600008,首创股份,3.51,3.52,3.47,3.49,3.5,0.01,0.2857,0.1984,9562018,33458250.0,19955923206.6,16920355575.2,None
2019-07-25,'600008,首创股份,3.5,3.53,3.47,3.51,3.52,-0.02,-0.5682,0.3238,15608344,54617574.0,19899068724.5,16872149434.0,None
2019-07-24,'600008,首创股份,3.52,3.55,3.5,3.5,3.5,0.02,0.5714,0.2888,13922100,49169950.0,20012777688.6,16968561716.5,None
2019-07-23,'600008,首创股份,3.5,3.51,3.47,3.48,3.48,0.02,0.5747,0.2614,12601102,44038679.0,19899068724.5,16872149434.0,None
2019-07-22,'600008,首创股份,3.48,3.64,3.47,3.63,3.64,-0.16,-4.3956,0.644,31043928,109071901.0,19785359760.4,16775737151.5,None
2019-07-19,'600008,首创股份,3.64,3.69,3.63,3.63,3.63,0.01,0.2755,0.4195,20223628,73947550.0,20695031473.5,17547035411.4,None
2019-07-18,'600008,首创股份,3.63,3.66,3.61,3.64,3.61,0.02,0.554,0.4977,23992716,87302630.0,20638176991.4,17498829270.1,None
2019-07-17,'600008,首创股份,3.61,3.67,3.59,3.66,3.67,-0.06,-1.6349,0.4957,23894740,86464108.0,20524468027.3,17402416987.6,None
2019-07-16,'600008,首创股份,3.67,3.68,3.64,3.65,3.68,-0.01,-0.2717,0.3016,14540120,53196325.0,20865594919.7,17691653835.1,None
2019-07-15,'600008,首创股份,3.68,3.69,3.58,3.68,3.67,0.01,0.2725,0.4492,21652981,78848564.0,20922449401.8,17739859976.3,None
2019-07-12,'600008,首创股份,3.67,3.69,3.61,3.61,3.63,0.04,1.1019,0.4358,21009846,76905158.0,20865594919.7,17691653835.1,None
2019-07-11,'600008,首创股份,3.63,3.69,3.59,3.61,3.65,-0.02,-0.5479,0.4576,22058571,80129690.0,20638176991.4,17498829270.1,None
2019-07-10,'600008,首创股份,3.65,3.71,3.59,3.61,3.63,0.02,0.551,0.6108,29442435,107381829.0,20751885955.5,17595241552.6,None
2019-07-09,'600008,首创股份,3.63,3.68,3.57,3.66,3.64,-0.01,-0.2747,0.5737,27653761,99766747.0,20638176991.4,17498829270.1,None
2019-07-08,'600008,首创股份,3.64,3.79,3.63,3.77,3.83,-0.19,-4.9608,1.0646,51321302,188638098.0,20695031473.5,17547035411.4,None
2019-07-05,'600008,首创股份,3.83,3.87,3.78,3.84,3.92,-0.09,-2.2959,1.3426,64720423,247388918.0,21775266632.8,18462952094.9,None
2019-07-04,'600008,首创股份,3.92,4.2,3.9,4.05,3.94,-0.02,-0.5076,3.4778,167649196,676527525.0,22286956971.4,18896807366.1,None
2019-07-03,'600008,首创股份,3.94,3.94,3.6,3.6,3.58,0.36,10.0559,1.0801,52069648,202075045.0,22400665935.6,18993219648.6,None
2019-07-02,'600008,首创股份,3.58,3.61,3.56,3.59,3.62,-0.04,-1.105,0.3857,18594796,66629026.0,20353904581.1,17257798563.9,None
2019-07-01,'600008,首创股份,3.62,3.63,3.56,3.6,3.52,0.1,2.8409,0.5163,24891199,89699920.0,20581322509.3,17450623128.9,None
2019-06-28,'600008,首创股份,3.52,3.56,3.48,3.53,3.55,-0.03,-0.8451,0.3087,14882883,52265258.0,20012777688.6,16968561716.5,None
2019-06-27,'600008,首创股份,3.55,3.6,3.52,3.53,3.52,0.03,0.8523,0.4069,19616081,69942562.0,20183341134.8,17113180140.2,None
2019-06-26,'600008,首创股份,3.52,3.58,3.51,3.52,3.55,-0.03,-0.8451,0.3041,14660078,51943112.0,20012777688.6,16968561716.5,None
2019-06-25,'600008,首创股份,3.55,3.61,3.48,3.6,3.6,-0.05,-1.3889,0.5743,27685897,97840666.0,20183341134.8,17113180140.2,None
2019-06-24,'600008,首创股份,3.6,3.67,3.57,3.63,3.62,-0.02,-0.5525,0.5905,28465134,102597928.0,20467613545.2,17354210846.4,None
2019-06-21,'600008,首创股份,3.62,3.75,3.56,3.61,3.59,0.03,0.8357,1.1229,54132778,197268634.0,20581322509.3,17450623128.9,None
2019-06-20,'600008,首创股份,3.59,3.62,3.37,3.37,3.36,0.23,6.8452,1.4697,70848709,249626304.0,20410759063.1,17306004705.2,None
2019-06-19,'600008,首创股份,3.36,3.38,3.33,3.34,3.29,0.07,2.1277,0.3895,18775586,62952566.0,19103105975.5,16197263456.6,None
2019-06-18,'600008,首创股份,3.29,3.32,3.26,3.29,3.31,-0.02,-0.6042,0.2185,10530722,34603658.0,18705124601.0,15859820468.0,None
2019-06-17,'600008,首创股份,3.31,3.33,3.3,3.31,3.3,0.01,0.303,0.2051,9885461,32736018.0,18818833565.2,15956232750.4,None
2019-06-14,'600008,首创股份,3.3,3.4,3.3,3.39,3.39,-0.09,-2.6549,0.4543,21901364,73093341.0,18761979083.1,15908026609.2,None
2019-06-13,'600008,首创股份,3.39,3.41,3.36,3.39,3.4,-0.01,-0.2941,0.2638,12716757,43091227.0,19273669421.7,16341881880.4,None
2019-06-12,'600008,首创股份,3.4,3.44,3.38,3.42,3.42,-0.02,-0.5848,0.2794,13467971,45946267.0,19330523903.8,16390088021.6,None
2019-06-11,'600008,首创股份,3.42,3.43,3.28,3.28,3.32,0.1,3.012,0.3713,17897798,60467551.0,19444232867.9,16486500304.1,None
2019-06-10,'600008,首创股份,3.32,3.36,3.27,3.33,3.33,-0.01,-0.3003,0.28,13497049,44729643.0,18875688047.2,16004438891.7,None
2019-06-06,'600008,首创股份,3.33,3.42,3.33,3.4,3.41,-0.08,-2.346,0.2591,12490694,41807122.0,18932542529.3,16052645032.9,None
2019-06-05,'600008,首创股份,3.41,3.46,3.41,3.45,3.42,-0.01,-0.2924,0.2355,11352300,38940030.0,19387378385.9,16438294162.8,None
2019-06-04,'600008,首创股份,3.42,3.44,3.38,3.41,3.44,-0.02,-0.5814,0.219,10558585,35946950.0,19444232867.9,16486500304.1,None
2019-06-03,'600008,首创股份,3.44,3.48,3.42,3.42,3.42,0.02,0.5848,0.28,13498978,46483121.0,19557941832.1,16582912586.6,None
2019-05-31,'600008,首创股份,3.42,3.45,3.4,3.45,3.44,-0.02,-0.5814,0.1881,9068481,31073390.0,19444232867.9,16486500304.1,None
2019-05-30,'600008,首创股份,3.44,3.45,3.4,3.44,3.47,-0.03,-0.8646,0.2706,13046437,44641583.0,19557941832.1,16582912586.6,None
2019-05-29,'600008,首创股份,3.47,3.52,3.41,3.44,3.44,0.03,0.8721,0.3537,17052763,59246300.0,19728505278.3,16727531010.3,None
2019-05-28,'600008,首创股份,3.44,3.48,3.41,3.47,3.46,-0.02,-0.578,0.3335,16075400,55479367.0,19557941832.1,16582912586.6,None
2019-05-27,'600008,首创股份,3.46,3.46,3.39,3.41,3.39,0.07,2.0649,0.2438,11751333,40334118.0,19671650796.2,16679324869.0,None
2019-05-24,'600008,首创股份,3.39,3.42,3.35,3.37,3.37,0.02,0.5935,0.166,8001248,27129976.0,19273669421.7,16341881880.4,None
2019-05-23,'600008,XD首创股,3.37,3.46,3.36,3.45,3.45,-0.08,-2.3188,0.2692,12977000,44112849.0,19159960457.6,16245469597.9,None
2019-05-22,'600008,首创股份,3.53,3.55,3.5,3.54,3.55,-0.02,-0.5634,0.2636,12705990,44705611.0,20069632170.7,17016767857.7,None
2019-05-21,'600008,首创股份,3.55,3.57,3.5,3.52,3.51,0.04,1.1396,0.3359,16190864,57344195.0,20183341134.8,17113180140.2,None
2019-05-20,'600008,首创股份,3.51,3.52,3.45,3.5,3.48,0.03,0.8621,0.2631,12684595,44150001.0,19955923206.6,16920355575.2,None
2019-05-17,'600008,首创股份,3.48,3.6,3.47,3.55,3.58,-0.1,-2.7933,0.3171,15287474,53918129.0,19785359760.4,16775737151.5,None
2019-05-16,'600008,首创股份,3.58,3.59,3.54,3.57,3.57,0.01,0.2801,0.2654,12795110,45679431.0,20353904581.1,17257798563.9,None
2019-05-15,'600008,首创股份,3.57,3.57,3.5,3.5,3.49,0.08,2.2923,0.3484,16797231,59540568.0,20297050099.0,17209592422.7,None
2019-05-14,'600008,首创股份,3.49,3.51,3.43,3.45,3.47,0.02,0.5764,0.3635,17521877,61077291.0,19842214242.4,16823943292.8,None
2019-05-13,'600008,首创股份,3.47,3.5,3.45,3.47,3.52,-0.05,-1.4205,0.3767,18161397,63021748.0,19728505278.3,16727531010.3,None
2019-05-10,'600008,首创股份,3.52,3.52,3.4,3.47,3.44,0.08,2.3256,0.454,21885787,76198007.0,20012777688.6,16968561716.5,None
2019-05-09,'600008,首创股份,3.44,3.55,3.42,3.51,3.54,-0.1,-2.8249,0.4578,22067793,76764934.0,19557941832.1,16582912586.6,None
2019-05-08,'600008,首创股份,3.54,3.6,3.5,3.53,3.62,-0.08,-2.2099,0.5009,24146895,85822229.0,20126486652.8,17064973999.0,None
2019-05-07,'600008,首创股份,3.62,3.69,3.53,3.65,3.65,-0.03,-0.8219,0.54,26031096,93922534.0,20581322509.3,17450623128.9,None
2019-05-06,'600008,首创股份,3.65,3.9,3.52,3.9,3.91,-0.26,-6.6496,0.7725,37239036,137240262.0,20751885955.5,17595241552.6,None
2019-04-30,'600008,首创股份,3.91,3.98,3.89,3.9,3.9,0.01,0.2564,0.3778,18212260,71707722.0,22230102489.4,18848601224.8,None
2019-04-29,'600008,首创股份,3.9,4.06,3.9,4.02,4.03,-0.13,-3.2258,0.5417,26114833,103315060.0,22173248007.3,18800395083.6,None
2019-04-26,'600008,首创股份,4.03,4.08,4.0,4.01,4.02,0.01,0.2488,0.4434,21376334,86391900.0,22912356274.2,19427074919.7,None
2019-04-25,'600008,首创股份,4.02,4.18,4.01,4.16,4.17,-0.15,-3.5971,0.5699,27474432,112565268.0,22855501792.1,19378868778.5,None
2019-04-24,'600008,首创股份,4.17,4.18,4.12,4.12,4.12,0.05,1.2136,0.373,17982286,74674682.0,23708319023.2,20101960897.1,None
2019-04-23,'600008,首创股份,4.12,4.25,4.11,4.25,4.25,-0.13,-3.0588,0.5538,26694236,111043122.0,23424046612.8,19860930190.9,None
2019-04-22,'600008,首创股份,4.25,4.32,4.22,4.29,4.29,-0.04,-0.9324,0.4661,22470493,95550355.0,24163154879.8,20487610027.0,None
2019-04-19,'600008,首创股份,4.29,4.3,4.21,4.29,4.29,0.0,0.0,0.4687,22592917,96331166.0,24390572808.0,20680434592.0,None
2019-04-18,'600008,首创股份,4.29,4.3,4.24,4.28,4.27,0.02,0.4684,0.505,24344371,103993278.0,24390572808.0,20680434592.0,None
2019-04-17,'600008,首创股份,4.27,4.28,4.23,4.27,4.24,0.03,0.7075,0.6012,28980501,123457037.0,24276863843.9,20584022309.5,None
2019-04-16,'600008,首创股份,4.24,4.24,4.09,4.19,4.19,0.05,1.1933,0.6507,31367495,130542068.0,24106300397.7,20439403885.8,None
2019-04-15,'600008,首创股份,4.19,4.32,4.18,4.28,4.24,-0.05,-1.1792,0.6258,30169015,128540271.0,23822027987.3,20198373179.6,None
2019-04-12,'600008,首创股份,4.24,4.27,4.21,4.23,4.24,0.0,0.0,0.4317,20810597,88235590.0,24106300397.7,20439403885.8,None
2019-04-11,'600008,首创股份,4.24,4.31,4.22,4.27,4.27,-0.03,-0.7026,0.5976,28809902,122830571.0,24106300397.7,20439403885.8,None
2019-04-10,'600008,首创股份,4.27,4.31,4.23,4.3,4.33,-0.06,-1.3857,0.6576,31700972,135457137.0,24276863843.9,20584022309.5,None
2019-04-09,'600008,首创股份,4.33,4.37,4.26,4.31,4.29,0.04,0.9324,0.7374,35546661,153407704.0,24617990736.3,20873259156.9,None
2019-04-08,'600008,首创股份,4.29,4.4,4.23,4.38,4.37,-0.08,-1.8307,1.0753,51836814,223690347.0,24390572808.0,20680434592.0,None
2019-04-04,'600008,首创股份,4.37,4.43,4.3,4.4,4.38,-0.01,-0.2283,1.2074,58205837,253783913.0,24845408664.6,21066083721.9,None
2019-04-03,'600008,首创股份,4.38,4.4,4.23,4.24,4.27,0.11,2.5761,1.6862,81285748,353216818.0,24902263146.7,21114289863.1,None
2019-04-02,'600008,首创股份,4.27,4.33,4.24,4.29,4.25,0.02,0.4706,1.2163,58632240,250513677.0,24276863843.9,20584022309.5,None
2019-04-01,'600008,首创股份,4.25,4.3,4.17,4.23,4.17,0.08,1.9185,1.363,65703419,279154001.0,24163154879.8,20487610027.0,None
2019-03-29,'600008,首创股份,4.17,4.18,4.0,4.04,4.03,0.14,3.4739,1.0989,52974642,217380278.0,23708319023.2,20101960897.1,None
2019-03-28,'600008,首创股份,4.03,4.12,4.01,4.01,4.08,-0.05,-1.2255,0.6015,28996933,117741694.0,22912356274.2,19427074919.7,None
2019-03-27,'600008,首创股份,4.08,4.16,4.03,4.12,4.02,0.06,1.4925,0.7302,35202339,143692514.0,23196628684.6,19668105625.9,None
2019-03-26,'600008,首创股份,4.02,4.2,4.0,4.17,4.16,-0.14,-3.3654,0.933,44977743,183757351.0,22855501792.1,19378868778.5,None
2019-03-25,'600008,首创股份,4.16,4.26,4.15,4.2,4.28,-0.12,-2.8037,1.032,49746734,209052943.0,23651464541.1,20053754755.8,None
2019-03-22,'600008,首创股份,4.28,4.35,4.14,4.21,4.24,0.04,0.9434,1.6194,78063315,332835785.0,24333718326.0,20632228450.7,None
2019-03-21,'600008,首创股份,4.24,4.28,4.12,4.17,4.16,0.08,1.9231,1.5404,74256955,312897368.0,24106300397.7,20439403885.8,None
2019-03-20,'600008,首创股份,4.16,4.17,4.05,4.16,4.16,0.0,0.0,0.7237,34888387,143650825.0,23651464541.1,20053754755.8,None
2019-03-19,'600008,首创股份,4.16,4.21,4.13,4.14,4.15,0.01,0.241,0.7637,36816658,153220538.0,23651464541.1,20053754755.8,None
2019-03-18,'600008,首创股份,4.15,4.15,4.06,4.09,4.09,0.06,1.467,0.7095,34203383,140780476.0,23594610059.0,20005548614.6,None
2019-03-15,'600008,首创股份,4.09,4.17,4.05,4.08,4.07,0.02,0.4914,0.9231,44499188,182860900.0,23253483166.6,19716311767.2,None
2019-03-14,'600008,首创股份,4.07,4.2,4.01,4.18,4.21,-0.14,-3.3254,1.1685,56327543,230059033.0,23139774202.5,19619899484.7,None
2019-03-13,'600008,首创股份,4.21,4.34,4.18,4.25,4.23,-0.02,-0.4728,1.7433,84036837,357497961.0,23935736951.5,20294785462.0,None
2019-03-12,'600008,首创股份,4.23,4.42,4.17,4.39,4.31,-0.08,-1.8561,2.7893,134462918,572337007.0,24049445915.6,20391197744.5,None
2019-03-11,'600008,首创股份,4.31,4.31,3.92,3.93,3.92,0.39,9.949,2.7142,130839898,554652036.0,24504281772.2,20776846874.4,None
2019-03-08,'600008,首创股份,3.92,4.19,3.91,4.16,4.23,-0.31,-7.3286,1.4001,67494865,275241331.0,22286956971.4,18896807366.1,None
2019-03-07,'600008,首创股份,4.23,4.28,4.19,4.25,4.23,0.0,0.0,1.3833,66683774,281914493.0,24049445915.6,20391197744.5,None
2019-03-06,'600008,首创股份,4.23,4.25,4.11,4.12,4.13,0.1,2.4213,1.5663,75503906,315597214.0,24049445915.6,20391197744.5,None
2019-03-05,'600008,首创股份,4.13,4.14,4.05,4.07,4.1,0.03,0.7317,1.1072,53374883,219184406.0,23480901094.9,19909136332.1,None
2019-03-04,'600008,首创股份,4.1,4.17,4.0,4.01,4.02,0.08,1.99,1.6751,80749346,331088372.0,23310337648.7,19764517908.4,None
2019-03-01,'600008,首创股份,4.02,4.06,3.97,4.06,4.0,0.02,0.5,0.7045,33963007,135990679.0,22855501792.1,19378868778.5,None
2019-02-28,'600008,首创股份,4.0,4.09,3.94,3.99,4.0,0.0,0.0,0.9314,44900527,179898220.0,22741792828.0,19282456496.0,None
2019-02-27,'600008,首创股份,4.0,4.07,3.91,3.95,3.95,0.05,1.2658,1.4157,68243792,273141136.0,22741792828.0,19282456496.0,None
2019-02-26,'600008,首创股份,3.95,4.02,3.86,3.93,3.92,0.03,0.7653,1.5627,75331500,297264440.0,22457520417.7,19041425789.8,None
2019-02-25,'600008,首创股份,3.92,3.95,3.67,3.67,3.66,0.26,7.1038,1.6204,78114346,299574808.0,22286956971.4,18896807366.1,None
2019-02-22,'600008,首创股份,3.66,3.66,3.58,3.62,3.62,0.04,1.105,0.6057,29197396,106088907.0,20808740437.6,17643447693.8,None
2019-02-21,'600008,首创股份,3.62,3.69,3.6,3.63,3.63,-0.01,-0.2755,0.6291,30326016,110677843.0,20581322509.3,17450623128.9,None
2019-02-20,'600008,首创股份,3.63,3.65,3.59,3.63,3.63,0.0,0.0,0.337,16244439,58835190.0,20638176991.4,17498829270.1,None
2019-02-19,'600008,首创股份,3.63,3.69,3.6,3.65,3.64,-0.01,-0.2747,0.645,31093676,113051851.0,20638176991.4,17498829270.1,None
2019-02-18,'600008,首创股份,3.64,3.65,3.53,3.53,3.53,0.11,3.1161,0.5904,28462249,102708365.0,20695031473.5,17547035411.4,None
2019-02-15,'600008,首创股份,3.53,3.58,3.52,3.54,3.55,-0.02,-0.5634,0.3629,17494180,62052123.0,20069632170.7,17016767857.7,None
2019-02-14,'600008,首创股份,3.55,3.57,3.52,3.53,3.53,0.02,0.5666,0.3154,15202781,53863625.0,20183341134.8,17113180140.2,None
2019-02-13,'600008,首创股份,3.53,3.55,3.46,3.49,3.48,0.05,1.4368,0.5404,26049141,91463390.0,20069632170.7,17016767857.7,None
2019-02-12,'600008,首创股份,3.48,3.49,3.44,3.45,3.44,0.04,1.1628,0.2652,12785320,44307745.0,19785359760.4,16775737151.5,None
2019-02-11,'600008,首创股份,3.44,3.44,3.39,3.41,3.39,0.05,1.4749,0.2396,11549502,39611826.0,19557941832.1,16582912586.6,None
2019-02-01,'600008,首创股份,3.39,3.4,3.33,3.33,3.32,0.07,2.1084,0.2203,10618649,35785570.0,19273669421.7,16341881880.4,None
2019-01-31,'600008,首创股份,3.32,3.38,3.3,3.35,3.35,-0.03,-0.8955,0.2231,10752397,35839624.0,18875688047.2,16004438891.7,None
2019-01-30,'600008,首创股份,3.35,3.4,3.34,3.37,3.37,-0.02,-0.5935,0.1232,5937653,19998262.0,19046251493.5,16149057315.4,None
2019-01-29,'600008,首创股份,3.37,3.44,3.34,3.44,3.42,-0.05,-1.462,0.2276,10973500,37058920.0,19159960457.6,16245469597.9,None
2019-01-28,'600008,首创股份,3.42,3.47,3.41,3.46,3.44,-0.02,-0.5814,0.1849,8913690,30659908.0,19444232867.9,16486500304.1,None
2019-01-25,'600008,首创股份,3.44,3.51,3.44,3.47,3.42,0.02,0.5848,0.2865,13811275,47995457.0,19557941832.1,16582912586.6,None
2019-01-24,'600008,首创股份,3.42,3.45,3.4,3.42,3.42,0.0,0.0,0.1832,8829927,30259008.0,19444232867.9,16486500304.1,None
2019-01-23,'600008,首创股份,3.42,3.47,3.4,3.44,3.44,-0.02,-0.5814,0.1952,9408358,32250300.0,19444232867.9,16486500304.1,None
2019-01-22,'600008,首创股份,3.44,3.51,3.43,3.51,3.51,-0.07,-1.9943,0.2225,10727476,37190687.0,19557941832.1,16582912586.6,None
2019-01-21,'600008,首创股份,3.51,3.55,3.5,3.53,3.5,0.01,0.2857,0.208,10027074,35225974.0,19955923206.6,16920355575.2,None
2019-01-18,'600008,首创股份,3.5,3.53,3.47,3.47,3.48,0.02,0.5747,0.2626,12658835,44301268.0,19899068724.5,16872149434.0,None
2019-01-17,'600008,首创股份,3.48,3.54,3.47,3.52,3.55,-0.07,-1.9718,0.361,17403070,60866607.0,19785359760.4,16775737151.5,None
2019-01-16,'600008,首创股份,3.55,3.64,3.5,3.54,3.55,0.0,0.0,0.6485,31262516,111542496.0,20183341134.8,17113180140.2,None
2019-01-15,'600008,首创股份,3.55,3.57,3.47,3.49,3.5,0.05,1.4286,0.4738,22841417,80518196.0,20183341134.8,17113180140.2,None
2019-01-14,'600008,首创股份,3.5,3.52,3.48,3.51,3.51,-0.01,-0.2849,0.1888,9101222,31805101.0,19899068724.5,16872149434.0,None
2019-01-11,'600008,首创股份,3.51,3.53,3.45,3.49,3.5,0.01,0.2857,0.3751,18083881,63143522.0,19955923206.6,16920355575.2,None
2019-01-10,'600008,首创股份,3.5,3.52,3.44,3.44,3.44,0.06,1.7442,0.3768,18163310,63315058.0,19899068724.5,16872149434.0,None
2019-01-09,'600008,首创股份,3.44,3.5,3.44,3.45,3.45,-0.01,-0.2899,0.3021,14563067,50610004.0,19557941832.1,16582912586.6,None
2019-01-08,'600008,首创股份,3.45,3.49,3.44,3.48,3.49,-0.04,-1.1461,0.2178,10497523,36338647.0,19614796314.2,16631118727.8,None
2019-01-07,'600008,首创股份,3.49,3.52,3.44,3.46,3.43,0.06,1.7493,0.3511,16925583,58978705.0,19842214242.4,16823943292.8,None
2019-01-04,'600008,首创股份,3.43,3.43,3.32,3.34,3.37,0.06,1.7804,0.3332,16063455,54470768.0,19501087350.0,16534706445.3,None
2019-01-03,'600008,首创股份,3.37,3.46,3.35,3.45,3.43,-0.06,-1.7493,0.3219,15516423,52727998.0,19159960457.6,16245469597.9,None
2019-01-02,'600008,首创股份,3.43,3.53,3.41,3.49,3.43,0.0,0.0,0.3433,16549705,57306800.0,19501087350.0,16534706445.3,None
2018-12-28,'600008,首创股份,3.43,3.45,3.4,3.44,3.42,0.01,0.2924,0.2251,10851920,37149044.0,19501087350.0,16534706445.3,None
2018-12-27,'600008,首创股份,3.42,3.53,3.41,3.52,3.46,-0.04,-1.1561,0.2649,12768015,44166250.0,19444232867.9,16486500304.1,None
2018-12-26,'600008,首创股份,3.46,3.51,3.41,3.44,3.43,0.03,0.8746,0.251,12101038,41961938.0,19671650796.2,16679324869.0,None
2018-12-25,'600008,首创股份,3.43,3.49,3.33,3.49,3.52,-0.09,-2.5568,0.3634,17516981,59624279.0,19501087350.0,16534706445.3,None
2018-12-24,'600008,首创股份,3.52,3.53,3.47,3.5,3.5,0.02,0.5714,0.2132,10279945,36025532.0,20012777688.6,16968561716.5,None
2018-12-21,'600008,首创股份,3.5,3.51,3.43,3.5,3.5,0.0,0.0,0.2539,12239505,42504235.0,19899068724.5,16872149434.0,None
2018-12-20,'600008,首创股份,3.5,3.55,3.46,3.48,3.5,0.0,0.0,0.2767,13340255,46849111.0,19899068724.5,16872149434.0,None
2018-12-19,'600008,首创股份,3.5,3.63,3.5,3.62,3.59,-0.09,-2.507,0.3708,17872619,63320534.0,19899068724.5,16872149434.0,None
2018-12-18,'600008,首创股份,3.59,3.7,3.57,3.7,3.72,-0.13,-3.4946,0.648,31236526,113115779.0,20410759063.1,17306004705.2,None
2018-12-17,'600008,首创股份,3.72,3.74,3.56,3.64,3.65,0.07,1.9178,0.8365,40326625,147457183.0,21149867330.0,17932684541.3,None
2018-12-14,'600008,首创股份,3.65,3.85,3.65,3.68,3.65,0.0,0.0,1.4019,67580268,252769606.0,20751885955.5,17595241552.6,None
2018-12-13,'600008,首创股份,3.65,3.7,3.57,3.63,3.61,0.04,1.108,0.6198,29877729,108846533.0,20751885955.5,17595241552.6,None
2018-12-12,'600008,首创股份,3.61,3.66,3.6,3.63,3.6,0.01,0.2778,0.4042,19485829,70560247.0,20524468027.3,17402416987.6,None
2018-12-11,'600008,首创股份,3.6,3.66,3.57,3.63,3.64,-0.04,-1.0989,0.3938,18982543,68497030.0,20467613545.2,17354210846.4,None
2018-12-10,'600008,首创股份,3.64,3.71,3.61,3.68,3.75,-0.11,-2.9333,0.5629,27135425,99118710.0,20695031473.5,17547035411.4,None
2018-12-07,'600008,首创股份,3.75,3.76,3.59,3.59,3.59,0.16,4.4568,0.9742,46963227,173483680.0,21320430776.2,18077302965.0,None
2018-12-06,'600008,首创股份,3.59,3.72,3.59,3.67,3.7,-0.11,-2.973,0.5908,28481186,103704897.0,20410759063.1,17306004705.2,None
2018-12-05,'600008,首创股份,3.7,3.75,3.54,3.57,3.65,0.05,1.3699,0.8768,42266285,154865868.0,21036158365.9,17836272258.8,None
2018-12-04,'600008,首创股份,3.65,3.67,3.52,3.54,3.55,0.1,2.8169,0.6464,31161390,112547242.0,20751885955.5,17595241552.6,None
2018-12-03,'600008,首创股份,3.55,3.56,3.49,3.54,3.45,0.1,2.8986,0.4355,20992994,74206447.0,20183341134.8,17113180140.2,None
2018-11-30,'600008,首创股份,3.45,3.46,3.38,3.43,3.45,0.0,0.0,0.2901,13983320,47807709.0,19614796314.2,16631118727.8,None
2018-11-29,'600008,首创股份,3.45,3.58,3.44,3.56,3.54,-0.09,-2.5424,0.3313,15972482,56020484.0,19614796314.2,16631118727.8,None
2018-11-28,'600008,首创股份,3.54,3.56,3.41,3.53,3.53,0.01,0.2833,0.397,19138810,67059898.0,20126486652.8,17064973999.0,None
2018-11-27,'600008,首创股份,3.53,3.63,3.5,3.62,3.57,-0.04,-1.1204,0.4144,19976257,71146477.0,20069632170.7,17016767857.7,None
2018-11-26,'600008,首创股份,3.57,3.68,3.52,3.52,3.51,0.06,1.7094,0.5811,28010210,100873881.0,20297050099.0,17209592422.7,None
2018-11-23,'600008,首创股份,3.51,3.72,3.51,3.66,3.63,-0.12,-3.3058,0.6368,30695457,111084991.0,19955923206.6,16920355575.2,None
2018-11-22,'600008,首创股份,3.63,3.74,3.62,3.7,3.71,-0.08,-2.1563,0.417,20104265,73949585.0,20638176991.4,17498829270.1,None
2018-11-21,'600008,首创股份,3.71,3.79,3.58,3.63,3.73,-0.02,-0.5362,0.8286,39942014,147210970.0,21093012848.0,17884478400.0,None
2018-11-20,'600008,首创股份,3.73,4.05,3.72,3.88,3.88,-0.15,-3.866,2.0407,98373983,382890728.0,21206721812.1,17980890682.5,None
2018-11-19,'600008,首创股份,3.88,3.88,3.49,3.53,3.53,0.35,9.915,1.5598,75193546,279775805.0,22059539043.2,18703982801.1,None
2018-11-16,'600008,首创股份,3.53,3.55,3.49,3.53,3.53,0.0,0.0,0.3835,18485802,65178167.0,20069632170.7,17016767857.7,None
2018-11-15,'600008,首创股份,3.53,3.53,3.48,3.51,3.5,0.03,0.8571,0.4013,19347304,67845301.0,17016767857.7,17016767857.7,None
2018-11-14,'600008,首创股份,3.5,3.58,3.48,3.5,3.52,-0.02,-0.5682,0.5352,25801589,91075802.0,16872149434.0,16872149434.0,None
2018-11-13,'600008,首创股份,3.52,3.53,3.36,3.39,3.4,0.12,3.5294,0.6222,29993879,104480331.0,16968561716.5,16968561716.5,None
2018-11-12,'600008,首创股份,3.4,3.4,3.3,3.31,3.29,0.11,3.3435,0.3689,17782679,59932213.0,16390088021.6,16390088021.6,None
2018-11-09,'600008,首创股份,3.29,3.33,3.29,3.31,3.31,-0.02,-0.6042,0.2043,9850011,32543892.0,15859820468.0,15859820468.0,None
2018-11-08,'600008,首创股份,3.31,3.38,3.31,3.37,3.35,-0.04,-1.194,0.2308,11124621,37060427.0,15956232750.4,15956232750.4,None
2018-11-07,'600008,首创股份,3.35,3.39,3.34,3.38,3.38,-0.03,-0.8876,0.2072,9987288,33570898.0,16149057315.4,16149057315.4,None
2018-11-06,'600008,首创股份,3.38,3.38,3.32,3.37,3.38,0.0,0.0,0.2604,12555012,42086612.0,16293675739.1,16293675739.1,None
2018-11-05,'600008,首创股份,3.38,3.41,3.3,3.32,3.32,0.06,1.8072,0.4177,20136762,67735100.0,16293675739.1,16293675739.1,None
2018-11-02,'600008,首创股份,3.32,3.32,3.26,3.28,3.23,0.09,2.7864,0.4253,20501975,67496493.0,16004438891.7,16004438891.7,None
2018-11-01,'600008,首创股份,3.23,3.3,3.23,3.25,3.23,0.0,0.0,0.3759,18121856,59236140.0,15570583620.5,15570583620.5,None
2018-10-31,'600008,首创股份,3.23,3.25,3.19,3.2,3.19,0.04,1.2539,0.2865,13812719,44559685.0,15570583620.5,15570583620.5,None
2018-10-30,'600008,首创股份,3.19,3.21,3.14,3.18,3.17,0.02,0.6309,0.2451,11815191,37641404.0,15377759055.6,15377759055.6,None
2018-10-29,'600008,首创股份,3.17,3.23,3.15,3.19,3.19,-0.02,-0.627,0.1678,8088895,25828202.0,15281346773.1,15281346773.1,None
2018-10-26,'600008,首创股份,3.19,3.24,3.18,3.2,3.18,0.01,0.3145,0.1941,9354700,30045746.0,15377759055.6,15377759055.6,None
2018-10-25,'600008,首创股份,3.18,3.19,3.05,3.11,3.18,0.0,0.0,0.2162,10420963,32558710.0,15329552914.3,15329552914.3,None
2018-10-24,'600008,首创股份,3.18,3.23,3.15,3.16,3.17,0.01,0.3155,0.2097,10110198,32251199.0,15329552914.3,15329552914.3,None
2018-10-23,'600008,首创股份,3.17,3.26,3.15,3.22,3.22,-0.05,-1.5528,0.2928,14115918,45352252.0,15281346773.1,15281346773.1,None
2018-10-22,'600008,首创股份,3.22,3.26,3.08,3.09,3.08,0.14,4.5455,0.4523,21804576,69690996.0,15522377479.3,15522377479.3,None
2018-10-19,'600008,首创股份,3.08,3.08,2.98,3.0,3.02,0.06,1.9868,0.226,10892832,33209810.0,14847491501.9,14847491501.9,None
2018-10-18,'600008,首创股份,3.02,3.09,3.01,3.07,3.09,-0.07,-2.2654,0.1919,9248687,28179681.0,14558254654.5,14558254654.5,None
2018-10-17,'600008,首创股份,3.09,3.13,3.05,3.09,3.06,0.03,0.9804,0.1719,8286147,25608768.0,14895697643.2,14895697643.2,None
2018-10-16,'600008,首创股份,3.06,3.14,3.04,3.1,3.11,-0.05,-1.6077,0.2623,12643365,39014793.0,14751079219.4,14751079219.4,None
2018-10-15,'600008,首创股份,3.11,3.24,3.1,3.23,3.2,-0.09,-2.8125,0.2407,11603422,36731792.0,14992109925.6,14992109925.6,None
2018-10-12,'600008,首创股份,3.2,3.32,3.07,3.32,3.35,-0.15,-4.4776,0.5346,25772123,82120772.0,15425965196.8,15425965196.8,None
2018-10-11,'600008,首创股份,3.35,3.63,3.35,3.63,3.72,-0.37,-9.9462,0.6094,29378800,101209221.0,16149057315.4,16149057315.4,None
2018-10-10,'600008,首创股份,3.72,3.75,3.7,3.7,3.69,0.03,0.813,0.1189,5732600,21324567.0,17932684541.3,17932684541.3,None
2018-10-09,'600008,首创股份,3.69,3.73,3.68,3.7,3.71,-0.02,-0.5391,0.1144,5515025,20410653.0,17788066117.6,17788066117.6,None
2018-10-08,'600008,首创股份,3.71,3.76,3.64,3.76,3.79,-0.08,-2.1108,0.3217,15506942,57528384.0,17884478400.0,17884478400.0,None
2018-09-28,'600008,首创股份,3.79,3.8,3.76,3.77,3.77,0.02,0.5305,0.1605,7739475,29321952.0,18270127530.0,18270127530.0,None
2018-09-27,'600008,首创股份,3.77,3.84,3.77,3.84,3.83,-0.06,-1.5666,0.2111,10176998,38634737.0,18173715247.5,18173715247.5,None
2018-09-26,'600008,首创股份,3.83,3.86,3.81,3.83,3.83,0.0,0.0,0.2084,10046700,38521872.0,18462952094.9,18462952094.9,None
2018-09-25,'600008,首创股份,3.83,3.85,3.81,3.85,3.87,-0.04,-1.0336,0.1471,7090944,27166046.0,18462952094.9,18462952094.9,None
2018-09-21,'600008,首创股份,3.87,3.88,3.79,3.8,3.79,0.08,2.1108,0.2976,14348427,55050731.0,18655776659.9,18655776659.9,None
2018-09-20,'600008,首创股份,3.79,3.83,3.78,3.83,3.82,-0.03,-0.7853,0.1709,8236304,31344298.0,18270127530.0,18270127530.0,None
2018-09-19,'600008,首创股份,3.82,3.84,3.78,3.79,3.79,0.03,0.7916,0.2046,9863806,37595258.0,18414745953.7,18414745953.7,None
2018-09-18,'600008,首创股份,3.79,3.8,3.74,3.74,3.76,0.03,0.7979,0.1913,9220000,34780914.0,18270127530.0,18270127530.0,None
2018-09-17,'600008,首创股份,3.76,3.86,3.76,3.86,3.87,-0.11,-2.8424,0.2444,11780935,44747330.0,18125509106.2,18125509106.2,None
2018-09-14,'600008,首创股份,3.87,3.94,3.84,3.87,3.86,0.01,0.2591,0.2592,12496246,48600024.0,18655776659.9,18655776659.9,None
2018-09-13,'600008,首创股份,3.86,3.87,3.83,3.86,3.84,0.02,0.5208,0.1222,5891500,22671849.0,18607570518.6,18607570518.6,None
2018-09-12,'600008,首创股份,3.84,3.87,3.82,3.85,3.84,0.0,0.0,0.1118,5391202,20726632.0,18511158236.2,18511158236.2,None
2018-09-11,'600008,首创股份,3.84,3.88,3.83,3.84,3.84,0.0,0.0,0.1186,5715413,21977324.0,18511158236.2,18511158236.2,None
2018-09-10,'600008,首创股份,3.84,3.9,3.84,3.89,3.89,-0.05,-1.2853,0.1206,5815000,22452959.0,18511158236.2,18511158236.2,None
2018-09-07,'600008,首创股份,3.89,3.91,3.87,3.9,3.88,0.01,0.2577,0.1139,5492529,21370039.0,18752188942.4,18752188942.4,None
2018-09-06,'600008,首创股份,3.88,3.92,3.87,3.91,3.88,0.0,0.0,0.1392,6711662,26176290.0,18703982801.1,18703982801.1,None
2018-09-05,'600008,首创股份,3.88,3.93,3.87,3.92,3.92,-0.04,-1.0204,0.1082,5215800,20332967.0,18703982801.1,18703982801.1,None
2018-09-04,'600008,首创股份,3.92,3.94,3.88,3.89,3.9,0.02,0.5128,0.1439,6938172,27182648.0,18896807366.1,18896807366.1,None
2018-09-03,'600008,首创股份,3.9,3.93,3.86,3.92,3.95,-0.05,-1.2658,0.1435,6919708,26917871.0,18800395083.6,18800395083.6,None
2018-08-31,'600008,首创股份,3.95,3.95,3.87,3.9,3.9,0.05,1.2821,0.2216,10682000,41785092.0,19041425789.8,19041425789.8,None
2018-08-30,'600008,首创股份,3.9,3.98,3.89,3.97,3.97,-0.07,-1.7632,0.1887,9096018,35646151.0,18800395083.6,18800395083.6,None
2018-08-29,'600008,首创股份,3.97,4.0,3.95,3.96,3.94,0.03,0.7614,0.2361,11379393,45214903.0,19137838072.3,19137838072.3,None
2018-08-28,'600008,首创股份,3.94,3.98,3.93,3.95,3.96,-0.02,-0.5051,0.1711,8248933,32591282.0,18993219648.6,18993219648.6,None
2018-08-27,'600008,首创股份,3.96,3.98,3.9,3.9,3.88,0.08,2.0619,0.2582,12448611,49043348.0,19089631931.0,19089631931.0,None
2018-08-24,'600008,首创股份,3.88,3.9,3.85,3.89,3.89,-0.01,-0.2571,0.1216,5864038,22737341.0,18703982801.1,18703982801.1,None
2018-08-23,'600008,首创股份,3.89,3.91,3.87,3.89,3.89,0.0,0.0,0.1177,5672235,22091122.0,18752188942.4,18752188942.4,None
2018-08-22,'600008,首创股份,3.89,3.94,3.88,3.94,3.94,-0.05,-1.269,0.1361,6561123,25597267.0,18752188942.4,18752188942.4,None
2018-08-21,'600008,首创股份,3.94,3.96,3.91,3.93,3.92,0.02,0.5102,0.1476,7115467,28027925.0,18993219648.6,18993219648.6,None
2018-08-20,'600008,首创股份,3.92,3.94,3.86,3.91,3.92,0.0,0.0,0.1848,8906970,34719142.0,18896807366.1,18896807366.1,None
2018-08-17,'600008,首创股份,3.92,4.04,3.9,3.99,3.97,-0.05,-1.2594,0.2033,9800302,38781265.0,18896807366.1,18896807366.1,None
2018-08-16,'600008,首创股份,3.97,4.02,3.94,4.02,4.04,-0.07,-1.7327,0.2385,11497145,45798011.0,19137838072.3,19137838072.3,None
2018-08-15,'600008,首创股份,4.04,4.11,4.04,4.06,4.05,-0.01,-0.2469,0.2688,12956500,52724369.0,19475281061.0,19475281061.0,None
2018-08-14,'600008,首创股份,4.05,4.07,4.03,4.03,4.06,-0.01,-0.2463,0.1431,6898504,27928377.0,19523487202.2,19523487202.2,None
2018-08-13,'600008,首创股份,4.06,4.08,4.02,4.04,4.09,-0.03,-0.7335,0.159,7664807,30985120.0,19571693343.4,19571693343.4,None
2018-08-10,'600008,首创股份,4.09,4.11,4.06,4.08,4.09,0.0,0.0,0.1522,7335255,29928473.0,19716311767.2,19716311767.2,None
2018-08-09,'600008,首创股份,4.09,4.11,4.03,4.03,4.06,0.03,0.7389,0.2543,12259500,50072751.0,19716311767.2,19716311767.2,None
2018-08-08,'600008,首创股份,4.06,4.14,4.03,4.05,4.06,0.0,0.0,0.3119,15034904,61503347.0,19571693343.4,19571693343.4,None
2018-08-07,'600008,首创股份,4.06,4.06,3.98,3.98,3.98,0.08,2.0101,0.1835,8846647,35645091.0,19571693343.4,19571693343.4,None
2018-08-06,'600008,首创股份,3.98,4.03,3.96,4.01,4.01,-0.03,-0.7481,0.1916,9233900,36901881.0,19186044213.5,19186044213.5,None
2018-08-03,'600008,首创股份,4.01,4.08,3.99,4.05,4.05,-0.04,-0.9877,0.1717,8279288,33498505.0,19330662637.2,19330662637.2,None
2018-08-02,'600008,首创股份,4.05,4.18,4.0,4.15,4.16,-0.11,-2.6442,0.3813,18380423,74898682.0,19523487202.2,19523487202.2,None
2018-08-01,'600008,首创股份,4.16,4.27,4.15,4.25,4.24,-0.08,-1.8868,0.2576,12417800,52328865.0,20053754755.8,20053754755.8,None
2018-07-31,'600008,首创股份,4.24,4.25,4.21,4.23,4.23,0.01,0.2364,0.1659,7998167,33843048.0,20439403885.8,20439403885.8,None
2018-07-30,'600008,首创股份,4.23,4.3,4.2,4.26,4.27,-0.04,-0.9368,0.3174,15301410,64829567.0,20391197744.5,20391197744.5,None
2018-07-27,'600008,首创股份,4.27,4.33,4.26,4.32,4.34,-0.07,-1.6129,0.3564,17181509,73772999.0,20584022309.5,20584022309.5,None
2018-07-26,'600008,首创股份,4.34,4.41,4.25,4.26,4.27,0.07,1.6393,0.7449,35906903,155951857.0,20921465298.2,20921465298.2,None
2018-07-25,'600008,首创股份,4.27,4.33,4.25,4.32,4.3,-0.03,-0.6977,0.3484,16794498,71738964.0,20584022309.5,20584022309.5,None
2018-07-24,'600008,首创股份,4.3,4.33,4.17,4.18,4.19,0.11,2.6253,0.6925,33385042,142765026.0,20728640733.2,20728640733.2,None
2018-07-23,'600008,首创股份,4.19,4.22,4.13,4.17,4.15,0.04,0.9639,0.3422,16497750,68906979.0,20198373179.6,20198373179.6,None
2018-07-20,'600008,首创股份,4.15,4.17,4.1,4.11,4.12,0.03,0.7282,0.1663,8017804,33190275.0,20005548614.6,20005548614.6,None
2018-07-19,'600008,首创股份,4.12,4.17,4.12,4.15,4.15,-0.03,-0.7229,0.1563,7532400,31153010.0,19860930190.9,19860930190.9,None
2018-07-18,'600008,首创股份,4.15,4.21,4.14,4.16,4.15,0.0,0.0,0.273,13162600,54994895.0,20005548614.6,20005548614.6,None
2018-07-17,'600008,首创股份,4.15,4.16,4.12,4.15,4.16,-0.01,-0.2404,0.1468,7076085,29265535.0,20005548614.6,20005548614.6,None
2018-07-16,'600008,首创股份,4.16,4.19,4.14,4.19,4.18,-0.02,-0.4785,0.129,6216394,25841652.0,20053754755.8,20053754755.8,None
2018-07-13,'600008,首创股份,4.18,4.22,4.17,4.2,4.22,-0.04,-0.9479,0.2047,9868228,41294753.0,20150167038.3,20150167038.3,None
2018-07-12,'600008,首创股份,4.22,4.28,4.08,4.08,4.11,0.11,2.6764,0.4885,23547457,98765988.0,20342991603.3,20342991603.3,None
2018-07-11,'600008,首创股份,4.11,4.18,4.1,4.18,4.22,-0.11,-2.6066,0.2337,11265176,46553974.0,19812724049.6,19812724049.6,None
2018-07-10,'600008,首创股份,4.22,4.25,4.18,4.22,4.21,0.01,0.2375,0.2454,11830708,49840249.0,20342991603.3,20342991603.3,None
2018-07-09,'600008,首创股份,4.21,4.23,4.18,4.2,4.18,0.03,0.7177,0.2585,12461261,52399204.0,20294785462.0,20294785462.0,None
2018-07-06,'600008,首创股份,4.18,4.2,4.1,4.18,4.19,-0.01,-0.2387,0.2774,13370113,55594438.0,20150167038.3,20150167038.3,None
2018-07-05,'600008,首创股份,4.19,4.22,4.13,4.18,4.18,0.01,0.2392,0.3725,17956436,75097336.0,20198373179.6,20198373179.6,None
2018-07-04,'600008,首创股份,4.18,4.19,4.11,4.18,4.18,0.0,0.0,0.2618,12621613,52409409.0,20150167038.3,20150167038.3,None
2018-07-03,'600008,首创股份,4.18,4.2,4.13,4.17,4.15,0.03,0.7229,0.2522,12158566,50751406.0,20150167038.3,20150167038.3,None
2018-07-02,'600008,首创股份,4.15,4.22,4.09,4.21,4.22,-0.07,-1.6588,0.2584,12457456,51752751.0,20005548614.6,20005548614.6,None
2018-06-29,'600008,首创股份,4.22,4.23,4.06,4.18,4.17,0.05,1.199,0.4037,19462964,81065071.0,20342991603.3,20342991603.3,None
2018-06-28,'600008,首创股份,4.17,4.31,4.15,4.29,4.3,-0.13,-3.0233,0.2959,14266152,60667539.0,20101960897.1,20101960897.1,None
2018-06-27,'600008,首创股份,4.3,4.31,4.25,4.29,4.28,0.02,0.4673,0.2007,9673945,41421439.0,20728640733.2,20728640733.2,None
2018-06-26,'600008,首创股份,4.28,4.3,4.23,4.26,4.28,0.0,0.0,0.1825,8799914,37555789.0,20632228450.7,20632228450.7,None
2018-06-25,'600008,首创股份,4.28,4.36,4.27,4.36,4.3,-0.02,-0.4651,0.2112,10179018,43917988.0,20632228450.7,20632228450.7,None
2018-06-22,'600008,首创股份,4.3,4.31,4.21,4.26,4.29,0.01,0.2331,0.2111,10175855,43572371.0,20728640733.2,20728640733.2,None
2018-06-21,'600008,首创股份,4.29,4.42,4.23,4.37,4.39,-0.1,-2.2779,0.4091,19722941,85738079.0,20680434592.0,20680434592.0,None
2018-06-20,'600008,首创股份,4.39,4.41,4.32,4.38,4.43,-0.04,-0.9029,0.4112,19822847,86589405.0,21162496004.4,21162496004.4,None
2018-06-19,'600008,首创股份,4.43,4.48,4.26,4.3,4.35,0.08,1.8391,1.6035,77298397,337508406.0,21355320569.3,21355320569.3,None
2018-06-15,'600008,首创股份,4.35,4.35,4.25,4.32,4.32,0.03,0.6944,0.3687,17775256,76695998.0,20969671439.4,20969671439.4,None
2018-06-14,'600008,首创股份,4.32,4.32,4.26,4.27,4.31,0.01,0.232,0.237,11425165,49063793.0,20825053015.7,20825053015.7,None
2018-06-13,'600008,首创股份,4.31,4.32,4.21,4.31,4.31,0.0,0.0,0.3387,16328342,69641563.0,20776846874.4,20776846874.4,None
2018-06-12,'600008,首创股份,4.31,4.33,4.28,4.3,4.29,0.02,0.4662,0.1963,9461921,40776201.0,20776846874.4,20776846874.4,None
2018-06-11,'600008,首创股份,4.29,4.3,4.26,4.3,4.32,-0.03,-0.6944,0.1874,9033401,38669338.0,20680434592.0,20680434592.0,None
2018-06-08,'600008,首创股份,4.32,4.4,4.24,4.4,4.41,-0.09,-2.0408,0.4592,22137365,95074168.0,20825053015.7,20825053015.7,None
2018-06-07,'600008,首创股份,4.41,4.49,4.41,4.48,4.46,-0.05,-1.1211,0.204,9833371,43724934.0,21258908286.8,21258908286.8,None
2018-06-06,'600008,首创股份,4.46,4.48,4.45,4.48,4.49,-0.03,-0.6682,0.1821,8776620,39160030.0,21499938993.0,21499938993.0,None
2018-06-05,'600008,首创股份,4.49,4.49,4.44,4.47,4.46,0.03,0.6726,0.2292,11048401,49314575.0,21644557416.8,21644557416.8,None
2018-06-04,'600008,首创股份,4.46,4.5,4.44,4.48,4.47,-0.01,-0.2237,0.1939,9348701,41737624.0,21499938993.0,21499938993.0,None
2018-06-01,'600008,首创股份,4.47,4.58,4.44,4.58,4.56,-0.09,-1.9737,0.2712,13073624,59002634.0,21548145134.3,21548145134.3,None
2018-05-31,'600008,首创股份,4.56,4.61,4.53,4.55,4.54,0.02,0.4405,0.3056,14730665,67246834.0,21982000405.4,21982000405.4,None
2018-05-30,'600008,首创股份,4.54,4.74,4.52,4.74,4.78,-0.24,-5.0209,0.435,20968278,97180065.0,21885588123.0,21885588123.0,None
2018-05-29,'600008,首创股份,4.78,4.79,4.7,4.75,4.76,0.02,0.4202,0.4919,23714353,112606623.0,23042535512.7,23042535512.7,None
2018-05-28,'600008,首创股份,4.76,4.84,4.75,4.82,4.82,-0.06,-1.2448,0.2919,14070302,67195688.0,22946123230.2,22946123230.2,None
2018-05-25,'600008,首创股份,4.82,4.84,4.76,4.76,4.78,0.04,0.8368,0.3035,14629096,70281855.0,23235360077.7,23235360077.7,None
2018-05-24,'600008,首创股份,4.78,4.84,4.77,4.83,4.84,-0.06,-1.2397,0.2854,13760264,66222582.0,23042535512.7,23042535512.7,None
2018-05-23,'600008,首创股份,4.84,4.89,4.82,4.89,4.9,-0.06,-1.2245,0.3683,17754088,85923130.0,23331772360.2,23331772360.2,None
2018-05-22,'600008,首创股份,4.9,4.91,4.84,4.86,4.85,0.05,1.0309,0.6159,29692543,144922821.0,23621009207.6,23621009207.6,None
2018-05-21,'600008,首创股份,4.85,4.92,4.84,4.89,4.82,0.03,0.6224,0.514,24778404,120894462.0,23379978501.4,23379978501.4,None
2018-05-18,'600008,首创股份,4.82,4.83,4.75,4.77,4.77,0.05,1.0482,0.2826,13622908,65349808.0,23235360077.7,23235360077.7,None
2018-05-17,'600008,首创股份,4.77,4.84,4.76,4.84,4.83,-0.06,-1.2422,0.2561,12344331,59110107.0,22994329371.5,22994329371.5,None
2018-05-16,'600008,首创股份,4.83,4.84,4.78,4.8,4.8,0.03,0.625,0.3,14459543,69671603.0,23283566218.9,23283566218.9,None
2018-05-15,'600008,首创股份,4.8,4.81,4.78,4.78,4.78,0.02,0.4184,0.201,9690589,46461991.0,23138947795.2,23138947795.2,None
2018-05-14,'600008,首创股份,4.78,4.82,4.77,4.82,4.82,-0.04,-0.8299,0.2196,10586119,50718854.0,23042535512.7,23042535512.7,None
2018-05-11,'600008,首创股份,4.82,4.88,4.81,4.86,4.86,-0.04,-0.823,0.2823,13610586,65635342.0,23235360077.7,23235360077.7,None
2018-05-10,'600008,XD首创股,4.86,4.88,4.84,4.88,4.87,-0.01,-0.2053,0.2859,13780404,66886648.0,23428184642.6,23428184642.6,None
2018-05-09,'600008,首创股份,4.95,4.96,4.91,4.93,4.93,0.02,0.4057,0.3286,15838496,78151593.0,23862039913.8,23862039913.8,None
2018-05-08,'600008,首创股份,4.93,4.96,4.86,4.89,4.88,0.05,1.0246,0.3873,18668732,91926255.0,23765627631.3,23765627631.3,None
2018-05-07,'600008,首创股份,4.88,4.88,4.84,4.85,4.84,0.04,0.8264,0.2357,11360133,55255377.0,23524596925.1,23524596925.1,None
2018-05-04,'600008,首创股份,4.84,4.87,4.82,4.84,4.84,0.0,0.0,0.1648,7943598,38479698.0,23331772360.2,23331772360.2,None
2018-05-03,'600008,首创股份,4.84,4.88,4.8,4.87,4.87,-0.03,-0.616,0.304,14656983,70858865.0,23331772360.2,23331772360.2,None
2018-05-02,'600008,首创股份,4.87,4.94,4.86,4.92,4.92,-0.05,-1.0163,0.2319,11178937,54788979.0,23476390783.9,23476390783.9,None
2018-04-27,'600008,首创股份,4.92,4.93,4.81,4.88,4.9,0.02,0.4082,0.5747,27705257,135449898.0,23717421490.1,23717421490.1,None
2018-04-26,'600008,首创股份,4.9,4.92,4.75,4.91,4.9,0.0,0.0,0.6488,31275425,151288259.0,23621009207.6,23621009207.6,None
2018-04-25,'600008,首创股份,4.9,4.94,4.89,4.94,4.96,-0.06,-1.2097,0.3903,18816452,92438684.0,23621009207.6,23621009207.6,None
2018-04-24,'600008,首创股份,4.96,4.97,4.89,4.92,4.94,0.02,0.4049,0.4758,22937824,113278278.0,23910246055.0,23910246055.0,None
2018-04-23,'600008,首创股份,4.94,4.98,4.85,4.97,4.97,-0.03,-0.6036,0.9587,46216219,227307001.0,23813833772.6,23813833772.6,None
2018-04-20,'600008,首创股份,4.97,4.99,4.86,4.94,4.94,0.03,0.6073,0.8109,39089458,192767993.0,23958452196.3,23958452196.3,None
2018-04-19,'600008,首创股份,4.94,4.97,4.83,4.85,4.85,0.09,1.8557,0.6197,29872405,146669879.0,23813833772.6,23813833772.6,None
2018-04-18,'600008,首创股份,4.85,4.93,4.77,4.91,4.88,-0.03,-0.6148,0.4908,23659878,114563310.0,23379978501.4,23379978501.4,None
2018-04-17,'600008,首创股份,4.88,4.97,4.85,4.93,4.93,-0.05,-1.0142,0.4216,20322523,99698866.0,23524596925.1,23524596925.1,None
2018-04-16,'600008,首创股份,4.93,4.97,4.84,4.97,4.92,0.01,0.2033,0.4864,23449872,115115908.0,23765627631.3,23765627631.3,None
2018-04-13,'600008,首创股份,4.92,5.0,4.91,4.99,4.96,-0.04,-0.8065,0.3939,18989985,93881065.0,23717421490.1,23717421490.1,None
2018-04-12,'600008,首创股份,4.96,5.04,4.96,5.03,5.03,-0.07,-1.3917,0.4015,19353639,96629844.0,23910246055.0,23910246055.0,None
2018-04-11,'600008,首创股份,5.03,5.06,5.01,5.03,5.02,0.01,0.1992,0.4414,21279913,107053106.0,24247689043.7,24247689043.7,None
2018-04-10,'600008,首创股份,5.02,5.03,4.97,4.99,4.97,0.05,1.006,0.4575,22056228,110297776.0,24199482902.5,24199482902.5,None
2018-04-09,'600008,首创股份,4.97,5.04,4.95,5.0,5.01,-0.04,-0.7984,0.5868,28286504,140828578.0,23958452196.3,23958452196.3,None
2018-04-04,'600008,首创股份,5.01,5.15,5.0,5.11,5.1,-0.09,-1.7647,0.7667,36958066,187870757.0,24151276761.2,24151276761.2,None
2018-04-03,'600008,首创股份,5.1,5.21,5.09,5.21,5.23,-0.13,-2.4857,0.8616,41533520,213013369.0,24585132032.4,24585132032.4,None
2018-04-02,'600008,首创股份,5.23,5.35,5.21,5.35,5.35,-0.12,-2.243,1.3088,63091616,331829891.0,25211811868.5,25211811868.5,None
2018-03-30,'600008,首创股份,5.35,5.44,5.26,5.29,5.26,0.09,1.711,1.4828,71481873,382911156.0,25790285563.4,25790285563.4,None
2018-03-29,'600008,首创股份,5.26,5.39,5.21,5.29,5.33,-0.07,-1.3133,1.7271,83255423,440166254.0,25356430292.2,25356430292.2,None
2018-03-28,'600008,首创股份,5.33,5.45,5.11,5.12,5.19,0.14,2.6975,2.5126,121123453,645220322.0,25693873280.9,25693873280.9,None
2018-03-27,'600008,首创股份,5.19,5.23,5.15,5.22,5.15,0.04,0.7767,1.0383,50053405,259448009.0,25018987303.6,25018987303.6,None
2018-03-26,'600008,首创股份,5.15,5.17,4.91,5.02,5.12,0.03,0.5859,0.8536,41149916,208993928.0,24826162738.6,24826162738.6,None
2018-03-23,'600008,首创股份,5.12,5.13,4.8,5.02,5.12,0.0,0.0,2.5549,123161286,621644085.0,24681544314.9,24681544314.9,None
2018-03-22,'600008,首创股份,5.12,5.13,5.02,5.06,5.11,0.01,0.1957,0.6945,33481559,170456143.0,24681544314.9,24681544314.9,None
2018-03-21,'600008,首创股份,5.11,5.19,5.05,5.1,5.11,0.0,0.0,0.7028,33877354,173318551.0,24633338173.6,24633338173.6,None
2018-03-20,'600008,首创股份,5.11,5.15,5.0,5.08,5.1,0.01,0.1961,0.8084,38969030,197725348.0,24633338173.6,24633338173.6,None
2018-03-19,'600008,首创股份,5.1,5.16,5.06,5.1,5.06,0.04,0.7905,0.5546,26737204,136889892.0,24585132032.4,24585132032.4,None
2018-03-16,'600008,首创股份,5.06,5.13,5.05,5.1,5.13,-0.07,-1.3645,0.5041,24300993,123675301.0,24392307467.4,24392307467.4,None
2018-03-15,'600008,首创股份,5.13,5.25,5.08,5.11,5.12,0.01,0.1953,0.7596,36619743,188753697.0,24729750456.1,24729750456.1,None
2018-03-14,'600008,首创股份,5.12,5.2,5.11,5.17,5.17,-0.05,-0.9671,0.6427,30980442,159380866.0,24681544314.9,24681544314.9,None
2018-03-13,'600008,首创股份,5.17,5.24,5.16,5.22,5.25,-0.08,-1.5238,0.6751,32545407,169096019.0,24922575021.1,24922575021.1,None
2018-03-12,'600008,首创股份,5.25,5.28,5.14,5.2,5.24,0.01,0.1908,1.3071,63009242,326820741.0,25308224151.0,25308224151.0,None
2018-03-09,'600008,首创股份,5.24,5.38,5.17,5.28,5.3,-0.06,-1.1321,2.1202,102205098,538694984.0,25260018009.8,25260018009.8,None
2018-03-08,'600008,首创股份,5.3,5.43,4.94,4.97,4.98,0.32,6.4257,2.8321,136526419,709710778.0,25549254857.2,25549254857.2,None
2018-03-07,'600008,首创股份,4.98,5.05,4.97,5.03,5.06,-0.08,-1.581,0.6547,31561817,157858184.0,24006658337.5,24006658337.5,None
2018-03-06,'600008,首创股份,5.06,5.09,4.97,4.99,4.98,0.08,1.6064,0.9309,44873904,225952662.0,24392307467.4,24392307467.4,None
2018-03-05,'600008,首创股份,4.98,5.02,4.95,5.0,5.01,-0.03,-0.5988,0.5427,26159776,130246776.0,24006658337.5,24006658337.5,None
2018-03-02,'600008,首创股份,5.01,5.04,4.92,4.94,4.97,0.04,0.8048,0.8459,40779057,203998632.0,24151276761.2,24151276761.2,None
2018-03-01,'600008,首创股份,4.97,5.0,4.92,4.92,4.97,0.0,0.0,0.6344,30583320,151752739.0,23958452196.3,23958452196.3,None
2018-02-28,'600008,首创股份,4.97,5.04,4.89,4.9,4.96,0.01,0.2016,0.8101,39053109,194732054.0,23958452196.3,23958452196.3,None
2018-02-27,'600008,首创股份,4.96,5.04,4.94,5.04,5.04,-0.08,-1.5873,0.8962,43203335,215258495.0,23910246055.0,23910246055.0,None
2018-02-26,'600008,首创股份,5.04,5.05,4.88,5.0,4.93,0.11,2.2312,1.2231,58959270,293719727.0,24295895185.0,24295895185.0,None
2018-02-23,'600008,首创股份,4.93,5.14,4.9,5.0,4.87,0.06,1.232,1.7078,82327232,412486499.0,23765627631.3,23765627631.3,None
2018-02-22,'600008,首创股份,4.87,5.01,4.64,4.7,4.64,0.23,4.9569,1.2263,59115515,285653255.0,23476390783.9,23476390783.9,None
2018-02-14,'600008,首创股份,4.64,4.65,4.58,4.6,4.6,0.04,0.8696,0.4117,19847182,91766682.0,22367649535.4,22367649535.4,None
2018-02-13,'600008,首创股份,4.6,4.74,4.53,4.55,4.5,0.1,2.2222,0.6117,29488305,136418471.0,22174824970.4,22174824970.4,None
2018-02-12,'600008,首创股份,4.5,4.53,4.45,4.47,4.44,0.06,1.3514,0.3571,17216682,77448289.0,21692763558.0,21692763558.0,None
2018-02-09,'600008,首创股份,4.44,4.64,4.29,4.58,4.69,-0.25,-5.3305,0.7727,37247861,167323368.0,21403526710.6,21403526710.6,None
2018-02-08,'600008,首创股份,4.69,4.72,4.6,4.64,4.64,0.05,1.0776,0.4418,21295529,99781723.0,22608680241.6,22608680241.6,None
2018-02-07,'600008,首创股份,4.64,4.75,4.54,4.72,4.62,0.02,0.4329,0.671,32344935,150544558.0,22367649535.4,22367649535.4,None
2018-02-06,'600008,首创股份,4.62,4.95,4.6,4.95,5.02,-0.4,-7.9681,1.0499,50612781,243156927.0,22271237252.9,22271237252.9,None
2018-02-05,'600008,首创股份,5.02,5.06,4.97,5.06,5.05,-0.03,-0.5941,0.5833,28116591,140885790.0,24199482902.5,24199482902.5,None
2018-02-02,'600008,首创股份,5.05,5.06,4.88,5.0,5.0,0.05,1.0,0.6006,28954059,144126271.0,24344101326.2,24344101326.2,None
2018-02-01,'600008,首创股份,5.0,5.22,4.99,5.2,5.17,-0.17,-3.2882,1.0098,48676883,247878541.0,24103070620.0,24103070620.0,None
2018-01-31,'600008,首创股份,5.17,5.28,5.16,5.27,5.27,-0.1,-1.8975,0.722,34805800,180900428.0,24922575021.1,24922575021.1,None
2018-01-30,'600008,首创股份,5.27,5.34,5.25,5.3,5.31,-0.04,-0.7533,0.5345,25766418,136307068.0,25404636433.5,25404636433.5,None
2018-01-29,'600008,首创股份,5.31,5.48,5.29,5.45,5.44,-0.13,-2.3897,0.9427,45444450,244122990.0,25597460998.4,25597460998.4,None
2018-01-26,'600008,首创股份,5.44,5.56,5.43,5.51,5.51,-0.07,-1.2704,0.8123,39157677,214828657.0,26224140834.6,26224140834.6,None
2018-01-25,'600008,首创股份,5.51,5.58,5.44,5.47,5.5,0.01,0.1818,1.2404,59794239,330118665.0,26561583823.2,26561583823.2,None
2018-01-24,'600008,首创股份,5.5,5.55,5.39,5.46,5.48,0.02,0.365,1.2996,62650065,343228471.0,26513377682.0,26513377682.0,None
2018-01-23,'600008,首创股份,5.48,5.51,5.43,5.47,5.48,0.0,0.0,0.8976,43267581,236638115.0,26416965399.5,26416965399.5,None
2018-01-22,'600008,首创股份,5.48,5.53,5.4,5.49,5.46,0.02,0.3663,0.9482,45707977,249537672.0,26416965399.5,26416965399.5,None
2018-01-19,'600008,首创股份,5.46,5.51,5.38,5.41,5.41,0.05,0.9242,0.9647,46505976,253884617.0,26320553117.0,26320553117.0,None
2018-01-18,'600008,首创股份,5.41,5.48,5.4,5.43,5.45,-0.04,-0.7339,0.6631,31967348,173491764.0,26079522410.8,26079522410.8,None
2018-01-17,'600008,首创股份,5.45,5.48,5.28,5.39,5.37,0.08,1.4898,1.3396,64575525,348757501.0,26272346975.8,26272346975.8,None
2018-01-16,'600008,首创股份,5.37,5.38,5.27,5.28,5.32,0.05,0.9398,0.7288,35133207,187071212.0,25886697845.9,25886697845.9,None
2018-01-15,'600008,首创股份,5.32,5.5,5.3,5.49,5.47,-0.15,-2.7422,0.9724,46877722,252511163.0,25645667139.7,25645667139.7,None
2018-01-12,'600008,首创股份,5.47,5.55,5.43,5.44,5.46,0.01,0.1832,1.0254,49430288,271596215.0,26368759258.3,26368759258.3,None
2018-01-11,'600008,首创股份,5.46,5.48,5.4,5.48,5.5,-0.04,-0.7273,0.9107,43902911,239009959.0,26320553117.0,26320553117.0,None
2018-01-10,'600008,首创股份,5.5,5.58,5.47,5.56,5.61,-0.11,-1.9608,1.1235,54161625,298634156.0,26513377682.0,26513377682.0,None
2018-01-09,'600008,首创股份,5.61,5.73,5.54,5.67,5.66,-0.05,-0.8834,1.6387,78993998,442781947.0,27043645235.6,27043645235.6,None
2018-01-08,'600008,首创股份,5.66,5.72,5.63,5.64,5.73,-0.07,-1.2216,1.6386,78992003,447402918.0,27284675941.8,27284675941.8,None
2018-01-05,'600008,首创股份,5.73,5.79,5.61,5.66,5.81,-0.08,-1.3769,3.2053,154515111,878840735.0,27622118930.5,27622118930.5,None
2018-01-04,'600008,首创股份,5.81,6.07,5.76,6.01,5.72,0.09,1.5734,6.0464,291475185,1723203348.0,28007768060.4,28007768060.4,None
2018-01-03,'600008,首创股份,5.72,5.72,5.29,5.3,5.2,0.52,10.0,2.9578,142584075,794406698.0,27573912789.3,27573912789.3,None
2018-01-02,'600008,首创股份,5.2,5.22,5.13,5.15,5.14,0.06,1.1673,0.7297,35174413,182126121.0,25067193444.8,25067193444.8,None
2017-12-29,'600008,首创股份,5.14,5.16,5.11,5.15,5.13,0.01,0.1949,0.3734,17999569,92268432.0,24777956597.4,24777956597.4,None
2017-12-28,'600008,首创股份,5.13,5.17,5.07,5.09,5.11,0.02,0.3914,0.5351,25796464,132109594.0,24729750456.1,24729750456.1,None
2017-12-27,'600008,首创股份,5.11,5.18,5.1,5.15,5.14,-0.03,-0.5837,0.5664,27304481,140084251.0,24633338173.6,24633338173.6,None
2017-12-26,'600008,首创股份,5.14,5.15,5.04,5.06,5.06,0.08,1.581,0.552,26612040,135663875.0,24777956597.4,24777956597.4,None
2017-12-25,'600008,首创股份,5.06,5.19,5.05,5.17,5.19,-0.13,-2.5048,0.7104,34243742,175158950.0,24392307467.4,24392307467.4,None
2017-12-22,'600008,首创股份,5.19,5.24,5.17,5.23,5.2,-0.01,-0.1923,0.4372,21077824,109641829.0,25018987303.6,25018987303.6,None
2017-12-21,'600008,首创股份,5.2,5.22,5.16,5.21,5.18,0.02,0.3861,0.5074,24460449,127036589.0,25067193444.8,25067193444.8,None
2017-12-20,'600008,首创股份,5.18,5.32,5.16,5.31,5.29,-0.11,-2.0794,0.6365,30682987,160358334.0,24970781162.3,24970781162.3,None
2017-12-19,'600008,首创股份,5.29,5.3,5.21,5.24,5.24,0.05,0.9542,0.6354,30632046,161174375.0,25501048716.0,25501048716.0,None
2017-12-18,'600008,首创股份,5.24,5.3,5.21,5.28,5.31,-0.07,-1.3183,0.5557,26787483,140582634.0,25260018009.8,25260018009.8,None
2017-12-15,'600008,首创股份,5.31,5.34,5.2,5.22,5.23,0.08,1.5296,1.1601,55921841,295220162.0,25597460998.4,25597460998.4,None
2017-12-14,'600008,首创股份,5.23,5.27,5.17,5.23,5.22,0.01,0.1916,0.5879,28339219,148149785.0,25211811868.5,25211811868.5,None
2017-12-13,'600008,首创股份,5.22,5.24,5.13,5.17,5.17,0.05,0.9671,0.4717,22740611,118372947.0,25163605727.3,25163605727.3,None
2017-12-12,'600008,首创股份,5.17,5.24,5.16,5.23,5.23,-0.06,-1.1472,0.3924,18914931,98170857.0,24922575021.1,24922575021.1,None
2017-12-11,'600008,首创股份,5.23,5.25,5.17,5.18,5.2,0.03,0.5769,0.5765,27789240,144871903.0,25211811868.5,25211811868.5,None
2017-12-08,'600008,首创股份,5.2,5.26,5.14,5.15,5.15,0.05,0.9709,0.5703,27492343,142916685.0,25067193444.8,25067193444.8,None
2017-12-07,'600008,首创股份,5.15,5.23,5.14,5.18,5.18,-0.03,-0.5792,0.4545,21907894,113402513.0,24826162738.6,24826162738.6,None
2017-12-06,'600008,首创股份,5.18,5.24,5.11,5.15,5.15,0.03,0.5825,0.5511,26568164,137383171.0,24970781162.3,24970781162.3,None
2017-12-05,'600008,首创股份,5.15,5.28,5.11,5.24,5.23,-0.08,-1.5296,0.6802,32791726,170053293.0,24826162738.6,24826162738.6,None
2017-12-04,'600008,首创股份,5.23,5.38,5.22,5.36,5.39,-0.16,-2.9685,0.6277,30259193,160079056.0,25211811868.5,25211811868.5,None
2017-12-01,'600008,首创股份,5.39,5.4,5.32,5.32,5.32,0.07,1.3158,0.458,22078056,118618890.0,25983110128.4,25983110128.4,None
2017-11-30,'600008,首创股份,5.32,5.45,5.31,5.4,5.47,-0.15,-2.7422,0.7783,37518548,201516030.0,25645667139.7,25645667139.7,None
2017-11-29,'600008,首创股份,5.47,5.55,5.4,5.53,5.51,-0.04,-0.726,0.8425,40615461,221949649.0,26368759258.3,26368759258.3,None
2017-11-28,'600008,首创股份,5.51,5.62,5.41,5.47,5.44,0.07,1.2868,1.0014,48271474,265768568.0,26561583823.2,26561583823.2,None
2017-11-27,'600008,首创股份,5.44,5.54,5.39,5.43,5.44,0.0,0.0,1.2156,58601603,320766700.0,26224140834.6,26224140834.6,None
2017-11-24,'600008,首创股份,5.44,5.5,5.19,5.23,5.29,0.15,2.8355,1.5998,77119172,415638138.0,26224140834.6,26224140834.6,None
2017-11-23,'600008,首创股份,5.29,5.62,5.15,5.19,5.21,0.08,1.5355,1.9918,96019270,518849582.0,25501048716.0,25501048716.0,None
2017-11-22,'600008,首创股份,5.21,5.23,5.15,5.2,5.2,0.01,0.1923,0.6155,29670240,154063128.0,25115399586.0,25115399586.0,None
2017-11-21,'600008,首创股份,5.2,5.25,5.15,5.2,5.21,-0.01,-0.1919,0.5567,26837419,139698226.0,25067193444.8,25067193444.8,None
2017-11-20,'600008,首创股份,5.21,5.22,5.12,5.16,5.21,0.0,0.0,0.5589,26942026,139229025.0,25115399586.0,25115399586.0,None
2017-11-17,'600008,首创股份,5.21,5.5,5.15,5.49,5.46,-0.25,-4.5788,1.1924,57481114,305007470.0,25115399586.0,25115399586.0,None
2017-11-16,'600008,首创股份,5.46,5.57,5.45,5.53,5.55,-0.09,-1.6216,0.732,35286915,194326565.0,26320553117.0,26320553117.0,None
2017-11-15,'600008,首创股份,5.55,5.64,5.54,5.59,5.63,-0.08,-1.421,0.5927,28572056,159232905.0,26754408388.2,26754408388.2,None
2017-11-14,'600008,首创股份,5.63,5.71,5.53,5.55,5.55,0.08,1.4414,1.1593,55883142,315407998.0,27140057518.1,27140057518.1,None
2017-11-13,'600008,首创股份,5.55,5.61,5.51,5.59,5.59,-0.04,-0.7156,0.7049,33980609,188347977.0,26754408388.2,26754408388.2,None
2017-11-10,'600008,首创股份,5.59,5.68,5.56,5.68,5.68,-0.09,-1.5845,0.8713,41999760,235246946.0,26947232953.2,26947232953.2,None
2017-11-09,'600008,首创股份,5.68,5.71,5.65,5.69,5.7,-0.02,-0.3509,0.5547,26739448,151810223.0,27381088224.3,27381088224.3,None
2017-11-08,'600008,首创股份,5.7,5.74,5.68,5.7,5.72,-0.02,-0.3497,0.6233,30045100,171627299.0,27477500506.8,27477500506.8,None
2017-11-07,'600008,首创股份,5.72,5.73,5.63,5.72,5.69,0.03,0.5272,0.7635,36806840,209244826.0,27573912789.3,27573912789.3,None
2017-11-06,'600008,首创股份,5.69,5.7,5.52,5.63,5.63,0.06,1.0657,0.7592,36599092,205875704.0,27429294365.6,27429294365.6,None
2017-11-03,'600008,首创股份,5.63,5.75,5.57,5.73,5.77,-0.14,-2.4263,0.9021,43484366,245770341.0,27140057518.1,27140057518.1,None
2017-11-02,'600008,首创股份,5.77,5.87,5.69,5.85,5.83,-0.06,-1.0292,1.0338,49834708,287459418.0,27814943495.5,27814943495.5,None
2017-11-01,'600008,首创股份,5.83,5.92,5.82,5.9,5.89,-0.06,-1.0187,0.7687,37056905,216903488.0,28104180342.9,28104180342.9,None
2017-10-31,'600008,首创股份,5.89,5.95,5.85,5.91,5.91,-0.02,-0.3384,0.6302,30381813,179019741.0,28393417190.4,28393417190.4,None
2017-10-30,'600008,首创股份,5.91,6.13,5.83,6.12,6.11,-0.2,-3.2733,1.2045,58066317,343919679.0,28489829472.8,28489829472.8,None
2017-10-27,'600008,首创股份,6.11,6.18,6.07,6.17,6.16,-0.05,-0.8117,0.8382,40408694,247062916.0,29453952297.6,29453952297.6,None
2017-10-26,'600008,首创股份,6.16,6.21,6.13,6.18,6.18,-0.02,-0.3236,0.7258,34988072,215641880.0,29694983003.8,29694983003.8,None
2017-10-25,'600008,首创股份,6.18,6.26,6.15,6.18,6.17,0.01,0.1621,0.7637,36815157,228376463.0,29791395286.3,29791395286.3,None
2017-10-24,'600008,首创股份,6.17,6.24,6.11,6.23,6.25,-0.08,-1.28,0.9044,43596133,268309340.0,29743189145.1,29743189145.1,None
2017-10-23,'600008,首创股份,6.25,6.32,6.07,6.11,6.1,0.15,2.459,1.4106,67999417,423906638.0,30128838275.0,30128838275.0,None
2017-10-20,'600008,首创股份,6.1,6.11,6.02,6.05,6.08,0.02,0.3289,0.7146,34448900,209458869.0,29405746156.4,29405746156.4,None
2017-10-19,'600008,首创股份,6.08,6.25,6.06,6.25,6.27,-0.19,-3.0303,1.2996,62646366,383815161.0,29309333873.9,29309333873.9,None
2017-10-18,'600008,首创股份,6.27,6.44,6.26,6.29,6.25,0.02,0.32,1.2719,61315082,388745811.0,30225250557.5,30225250557.5,None
2017-10-17,'600008,首创股份,6.25,6.35,6.2,6.24,6.26,-0.01,-0.1597,0.6998,33736489,211364865.0,30128838275.0,30128838275.0,None
2017-10-16,'600008,首创股份,6.26,6.5,6.25,6.48,6.47,-0.21,-3.2457,1.5578,75095333,476399690.0,30177044416.2,30177044416.2,None
2017-10-13,'600008,首创股份,6.47,6.49,6.13,6.2,6.2,0.27,4.3548,2.8002,134984683,859196873.0,31189373382.3,31189373382.3,None
2017-10-12,'600008,首创股份,6.2,6.28,6.16,6.21,6.21,-0.01,-0.161,0.8626,41584715,258242575.0,29887807568.8,29887807568.8,None
2017-10-11,'600008,首创股份,6.21,6.39,6.19,6.39,6.4,-0.19,-2.9688,1.5551,74963104,470272729.0,29936013710.0,29936013710.0,None
2017-10-10,'600008,首创股份,6.4,6.42,6.33,6.4,6.41,-0.01,-0.156,0.8554,41234292,262608198.0,30851930393.6,30851930393.6,None
2017-10-09,'600008,首创股份,6.41,6.5,6.38,6.45,6.4,0.01,0.1563,1.0243,49376719,317432555.0,30900136534.8,30900136534.8,None
2017-09-29,'600008,首创股份,6.4,6.41,6.32,6.34,6.29,0.11,1.7488,1.2049,58083251,370001474.0,30851930393.6,30851930393.6,None
2017-09-28,'600008,首创股份,6.29,6.38,6.27,6.32,6.3,-0.01,-0.1587,1.1097,53496544,337981388.0,30321662840.0,30321662840.0,None
2017-09-27,'600008,首创股份,6.3,6.36,6.28,6.35,6.32,-0.02,-0.3165,0.7561,36447422,229923165.0,30369868981.2,30369868981.2,None
2017-09-26,'600008,首创股份,6.32,6.35,6.27,6.3,6.26,0.06,0.9585,0.8333,40168597,253613152.0,30466281263.7,30466281263.7,None
2017-09-25,'600008,首创股份,6.26,6.4,6.25,6.3,6.34,-0.08,-1.2618,0.9842,47444100,299740645.0,30177044416.2,30177044416.2,None
2017-09-22,'600008,首创股份,6.34,6.56,6.32,6.48,6.44,-0.1,-1.5528,1.3963,67312296,434311007.0,30562693546.2,30562693546.2,None
2017-09-21,'600008,首创股份,6.44,6.6,6.43,6.6,6.63,-0.19,-2.8658,1.5903,76662500,499467086.0,31044754958.6,31044754958.6,None
2017-09-20,'600008,首创股份,6.63,6.66,6.46,6.63,6.64,-0.01,-0.1506,1.9482,93913538,617435847.0,31960671642.1,31960671642.1,None
2017-09-19,'600008,首创股份,6.64,6.7,6.61,6.68,6.64,0.0,0.0,1.1991,57804682,384619627.0,32008877783.4,32008877783.4,None
2017-09-18,'600008,首创股份,6.64,6.71,6.61,6.65,6.66,-0.02,-0.3003,1.4141,68167025,452670714.0,32008877783.4,32008877783.4,None
2017-09-15,'600008,首创股份,6.66,6.78,6.66,6.73,6.78,-0.12,-1.7699,2.1341,102876800,690072062.0,32105290065.8,32105290065.8,None
2017-09-14,'600008,首创股份,6.78,6.96,6.71,6.9,6.92,-0.14,-2.0231,3.9948,192573144,1313359544.0,32683763760.7,32683763760.7,None
2017-09-13,'600008,首创股份,6.92,7.03,6.85,6.93,6.96,-0.04,-0.5747,4.4753,215735450,1492357839.0,33358649738.1,33358649738.1,None
2017-09-12,'600008,首创股份,6.96,7.04,6.77,6.82,6.82,0.14,2.0528,6.788,327221666,2264956930.0,33551474303.0,33551474303.0,None
2017-09-11,'600008,首创股份,6.82,6.85,6.62,6.66,6.7,0.12,1.791,4.4536,214691837,1454034539.0,32876588325.7,32876588325.7,None
2017-09-08,'600008,首创股份,6.7,6.77,6.62,6.71,6.71,-0.01,-0.149,2.2602,108957070,728558176.0,32298114630.8,32298114630.8,None
2017-09-07,'600008,首创股份,6.71,6.84,6.69,6.78,6.76,-0.05,-0.7396,2.4469,117954672,799101610.0,32346320772.0,32346320772.0,None
2017-09-06,'600008,首创股份,6.76,6.8,6.7,6.75,6.8,-0.04,-0.5882,1.5678,75579748,509279421.0,32587351478.2,32587351478.2,None
2017-09-05,'600008,首创股份,6.8,6.92,6.68,6.85,6.86,-0.06,-0.8746,3.1377,151258399,1027844079.0,32780176043.2,32780176043.2,None
2017-09-04,'600008,首创股份,6.86,6.87,6.63,6.67,6.71,0.15,2.2355,4.0324,194386606,1322946477.0,33069412890.6,33069412890.6,None
2017-09-01,'600008,首创股份,6.71,6.86,6.65,6.67,6.64,0.07,1.0542,2.9012,139857207,944164917.0,32346320772.0,32346320772.0,None
2017-08-31,'600008,首创股份,6.64,6.7,6.56,6.67,6.72,-0.08,-1.1905,2.6257,126576577,836258833.0,32008877783.4,32008877783.4,None
2017-08-30,'600008,首创股份,6.72,6.81,6.69,6.76,6.77,-0.05,-0.7386,1.9679,94867124,639053296.0,32394526913.3,32394526913.3,None
2017-08-29,'600008,首创股份,6.77,6.87,6.69,6.84,6.82,-0.05,-0.7331,2.5078,120893546,818358165.0,32635557619.5,32635557619.5,None
2017-08-28,'600008,首创股份,6.82,6.86,6.67,6.7,6.71,0.11,1.6393,2.7803,134029215,908999431.0,32876588325.7,32876588325.7,None
2017-08-25,'600008,首创股份,6.71,6.73,6.52,6.64,6.64,0.07,1.0542,2.2273,107370135,712284666.0,32346320772.0,32346320772.0,None
2017-08-24,'600008,首创股份,6.64,6.73,6.57,6.62,6.59,0.05,0.7587,1.9245,92770832,615923836.0,32008877783.4,32008877783.4,None
2017-08-23,'600008,首创股份,6.59,6.81,6.56,6.7,6.82,-0.23,-3.3724,2.8077,135349854,904517691.0,31767847077.2,31767847077.2,None
2017-08-22,'600008,首创股份,6.82,7.02,6.75,6.95,6.88,-0.06,-0.8721,3.0355,146330747,1006001497.0,32876588325.7,32876588325.7,None
2017-08-21,'600008,首创股份,6.88,6.9,6.73,6.87,6.84,0.04,0.5848,2.8141,135657730,921962715.0,33165825173.1,33165825173.1,None
2017-08-18,'600008,首创股份,6.84,7.08,6.81,6.83,6.92,-0.08,-1.1561,4.859,234232493,1625441341.0,32973000608.2,32973000608.2,None
2017-08-17,'600008,首创股份,6.92,7.02,6.67,6.72,6.68,0.24,3.5928,6.0514,291713759,2003195456.0,33358649738.1,33358649738.1,None
2017-08-16,'600008,首创股份,6.68,6.84,6.66,6.8,6.84,-0.16,-2.3392,4.53,218375756,1467795895.0,32201702348.3,32201702348.3,None
2017-08-15,'600008,首创股份,6.84,7.04,6.78,6.89,6.78,0.06,0.885,8.7044,419603766,2891960064.0,32973000608.2,32973000608.2,None
2017-08-14,'600008,首创股份,6.78,6.78,6.2,6.2,6.16,0.62,10.0649,8.1461,392691012,2603156616.0,32683763760.7,32683763760.7,None
2017-08-11,'600008,首创股份,6.16,6.3,6.06,6.11,6.14,0.02,0.3257,2.4294,117113542,724611869.0,29694983003.8,29694983003.8,None
2017-08-10,'600008,首创股份,6.14,6.29,6.08,6.29,6.28,-0.14,-2.2293,2.0297,97841781,603637105.0,29598570721.4,29598570721.4,None
2017-08-09,'600008,首创股份,6.28,6.37,6.16,6.23,6.24,0.04,0.641,2.2184,106940489,673829385.0,30273456698.7,30273456698.7,None
2017-08-08,'600008,首创股份,6.24,6.45,6.2,6.38,6.24,0.0,0.0,2.4636,118763044,748504823.0,30080632133.8,30080632133.8,None
2017-08-07,'600008,首创股份,6.24,6.33,6.08,6.11,6.12,0.12,1.9608,2.055,99064094,618383181.0,30080632133.8,30080632133.8,None
2017-08-04,'600008,首创股份,6.12,6.29,6.11,6.18,6.18,-0.06,-0.9709,1.9043,91801153,567786333.0,29502158438.9,29502158438.9,None
2017-08-03,'600008,首创股份,6.18,6.42,6.16,6.27,6.28,-0.1,-1.5924,2.8488,137331565,861712298.0,29791395286.3,29791395286.3,None
2017-08-02,'600008,首创股份,6.28,6.45,6.1,6.14,6.18,0.1,1.6181,4.2803,206338884,1287255941.0,30273456698.7,30273456698.7,None
2017-08-01,'600008,首创股份,6.18,6.28,5.93,5.94,5.88,0.3,5.102,4.2062,202763931,1242209671.0,29791395286.3,29791395286.3,None
2017-07-31,'600008,首创股份,5.88,5.95,5.8,5.83,5.82,0.06,1.0309,1.2747,61449464,361168490.0,28345211049.1,28345211049.1,None
2017-07-28,'600008,首创股份,5.82,5.9,5.81,5.88,5.9,-0.08,-1.3559,1.0589,51046078,298122126.0,28055974201.7,28055974201.7,None
2017-07-27,'600008,首创股份,5.9,5.96,5.86,5.94,5.94,-0.04,-0.6734,1.2024,57962749,342069287.0,28441623331.6,28441623331.6,None
2017-07-26,'600008,首创股份,5.94,6.0,5.88,5.92,5.91,0.03,0.5076,1.3223,63743319,378031346.0,28634447896.6,28634447896.6,None
2017-07-25,'600008,首创股份,5.91,6.04,5.88,6.01,6.06,-0.15,-2.4752,1.8243,87944605,521695521.0,28489829472.8,28489829472.8,None
2017-07-24,'600008,首创股份,6.06,6.15,5.8,5.83,5.83,0.23,3.9451,3.0192,145546265,873336422.0,29212921591.4,29212921591.4,None
2017-07-21,'600008,首创股份,5.83,5.94,5.58,5.63,5.66,0.17,3.0035,2.7269,131451088,762352982.0,28104180342.9,28104180342.9,None
2017-07-20,'600008,首创股份,5.66,5.73,5.6,5.63,5.64,0.02,0.3546,1.5561,75013549,426041145.0,27284675941.8,27284675941.8,None
2017-07-19,'600008,首创股份,5.64,5.64,5.54,5.56,5.59,0.05,0.8945,1.6521,79641044,446455500.0,27188263659.4,27188263659.4,None
2017-07-18,'600008,首创股份,5.59,5.63,5.43,5.48,5.52,0.07,1.2681,1.5371,74096558,411465765.0,26947232953.2,26947232953.2,None
2017-07-17,'600008,首创股份,5.52,6.02,5.4,6.01,6.0,-0.48,-8.0,2.711,130685351,736497680.0,26609789964.5,26609789964.5,None
2017-07-14,'600008,首创股份,6.0,6.12,5.97,6.0,5.99,0.01,0.1669,1.3143,63355864,382533495.0,28923684744.0,28923684744.0,None
2017-07-13,'600008,首创股份,5.99,6.09,5.95,6.05,6.13,-0.14,-2.2838,1.6169,77945004,469321134.0,28875478602.8,28875478602.8,None
2017-07-12,'600008,首创股份,6.13,6.21,5.83,6.16,6.16,-0.03,-0.487,3.2597,157135881,946644049.0,29550364580.1,29550364580.1,None
2017-07-11,'600008,首创股份,6.16,6.43,6.14,6.4,6.41,-0.25,-3.9002,2.5547,123154263,772276676.0,29694983003.8,29694983003.8,None
2017-07-10,'600008,首创股份,6.41,6.45,6.35,6.4,6.42,-0.01,-0.1558,1.7634,85007040,544327312.0,30900136534.8,30900136534.8,None
2017-07-07,'600008,首创股份,6.42,6.55,6.4,6.49,6.5,-0.08,-1.2308,2.0515,98896167,637912507.0,30948342676.1,30948342676.1,None
2017-07-06,'600008,首创股份,6.5,6.63,6.49,6.58,6.6,-0.1,-1.5152,1.9714,95031802,621188725.0,31333991806.0,31333991806.0,None
2017-07-05,'600008,首创股份,6.6,6.63,6.48,6.61,6.63,-0.03,-0.4525,2.0954,101011496,660391406.0,31816053218.4,31816053218.4,None
2017-07-04,'600008,首创股份,6.63,6.71,6.6,6.65,6.64,-0.01,-0.1506,1.551,74766451,497640854.0,31960671642.1,31960671642.1,None
2017-07-03,'600008,首创股份,6.64,6.71,6.59,6.6,6.58,0.06,0.9119,1.5527,74850936,497235813.0,32008877783.4,32008877783.4,None
2017-06-30,'600008,首创股份,6.58,6.69,6.51,6.68,6.71,-0.13,-1.9374,2.5751,124136844,817261808.0,31719640935.9,31719640935.9,None
2017-06-29,'600008,首创股份,6.71,6.81,6.66,6.67,6.7,0.01,0.1493,1.9534,94166923,634079121.0,32346320772.0,32346320772.0,None
2017-06-28,'600008,首创股份,6.7,6.86,6.66,6.85,6.9,-0.2,-2.8986,3.0833,148632907,1000077193.0,32298114630.8,32298114630.8,None
2017-06-27,'600008,首创股份,6.9,7.04,6.88,6.91,6.92,-0.02,-0.289,2.8163,135763024,942842592.0,33262237455.6,33262237455.6,None
2017-06-26,'600008,首创股份,6.92,6.92,6.75,6.88,6.88,0.04,0.5814,2.3784,114653491,786468101.0,33358649738.1,33358649738.1,None
2017-06-23,'600008,首创股份,6.88,6.97,6.7,6.91,6.97,-0.09,-1.2912,3.8732,186710139,1276096146.0,33165825173.1,33165825173.1,None
2017-06-22,'600008,首创股份,6.97,7.34,6.95,7.25,7.23,-0.26,-3.5961,4.7062,226867457,1621032556.0,33599680444.3,33599680444.3,None
2017-06-21,'600008,首创股份,7.23,7.32,7.11,7.16,7.15,0.08,1.1189,4.047,195091256,1407462958.0,34853040116.5,34853040116.5,None
2017-06-20,'600008,首创股份,7.15,7.27,7.03,7.06,7.03,0.12,1.707,5.6019,270046036,1936387689.0,34467390986.6,34467390986.6,None
2017-06-19,'600008,首创股份,7.03,7.1,6.93,7.07,7.1,-0.07,-0.9859,2.9541,142407352,996510907.0,33888917291.7,33888917291.7,None
2017-06-16,'600008,首创股份,7.1,7.28,6.91,6.92,6.94,0.16,2.3055,6.1673,297302275,2124042758.0,34226360280.4,34226360280.4,None
2017-06-15,'600008,首创股份,6.94,7.04,6.88,6.9,6.92,0.02,0.289,2.5598,123397117,857688136.0,33455062020.6,33455062020.6,None
2017-06-14,'600008,首创股份,6.92,7.11,6.91,7.05,7.08,-0.16,-2.2599,2.6755,128977434,900273127.0,33358649738.1,33358649738.1,None
2017-06-13,'600008,首创股份,7.08,7.09,6.92,7.02,7.02,0.06,0.8547,2.8696,138331880,970191285.0,34129947997.9,34129947997.9,None
2017-06-12,'600008,首创股份,7.02,7.19,6.88,6.9,6.97,0.05,0.7174,4.8288,232778757,1646750701.0,33840711150.5,33840711150.5,None
2017-06-09,'600008,首创股份,6.97,7.06,6.79,7.0,7.03,-0.06,-0.8535,4.3859,211429177,1466484660.0,33599680444.3,33599680444.3,None
2017-06-08,'600008,首创股份,7.03,7.13,6.97,7.06,7.14,-0.11,-1.5406,5.5238,266280161,1872761969.0,33888917291.7,33888917291.7,None
2017-06-07,'600008,首创股份,7.14,7.26,6.57,6.58,6.6,0.54,8.1818,9.4529,455686528,3203012023.0,34419184845.4,34419184845.4,None
2017-06-06,'600008,首创股份,6.6,6.67,6.44,6.58,6.63,-0.03,-0.4525,2.598,125239149,821315657.0,31816053218.4,31816053218.4,None
2017-06-05,'600008,首创股份,6.63,6.76,6.57,6.6,6.6,0.03,0.4545,2.5204,121498088,810325575.0,31960671642.1,31960671642.1,None
2017-06-02,'600008,首创股份,6.6,6.68,6.4,6.43,6.45,0.15,2.3256,3.2224,155341369,1019130755.0,31816053218.4,31816053218.4,None
2017-06-01,'600008,首创股份,6.45,6.93,6.41,6.87,6.96,-0.51,-7.3276,4.7856,230697340,1530491355.0,31092961099.8,31092961099.8,None
2017-05-31,'600008,XD首创股,6.96,7.11,6.85,7.09,6.99,-0.03,-0.4292,3.4354,165607595,1159226711.0,33551474303.0,33551474303.0,None
2017-05-26,'600008,首创股份,7.07,7.5,7.03,7.2,7.22,-0.15,-2.0776,5.4476,262607852,1912840475.0,34081741856.7,34081741856.7,None
2017-05-25,'600008,首创股份,7.22,7.34,6.81,7.08,7.15,0.07,0.979,6.0,289237551,2052126688.0,34804833975.3,34804833975.3,None
2017-05-24,'600008,首创股份,7.15,7.17,6.73,6.85,7.06,0.09,1.2748,5.2559,253365501,1774394658.0,34467390986.6,34467390986.6,None
2017-05-23,'600008,首创股份,7.06,7.83,6.98,7.66,7.75,-0.69,-8.9032,7.593,366030186,2715023085.0,34033535715.4,34033535715.4,None
2017-05-22,'600008,首创股份,7.75,7.9,7.41,7.61,7.76,-0.01,-0.1289,7.0544,340064458,2605412246.0,37359759461.0,37359759461.0,None
2017-05-19,'600008,首创股份,7.76,7.88,7.52,7.75,7.85,-0.09,-1.1465,7.1894,346571986,2672072303.0,37407965602.2,37407965602.2,None
2017-05-18,'600008,首创股份,7.85,8.28,7.53,7.95,8.11,-0.26,-3.2059,11.9508,576100728,4550405072.0,37841820873.4,37841820873.4,None
2017-05-17,'600008,首创股份,8.11,8.44,7.92,8.26,7.78,0.33,4.2416,15.0874,727303830,5916158431.0,39095180545.6,39095180545.6,None
2017-05-16,'600008,首创股份,7.78,7.78,6.85,6.93,7.07,0.71,10.0424,11.4975,554248471,4140317661.0,37504377884.7,37504377884.7,None
2017-05-15,'600008,首创股份,7.07,7.38,7.01,7.06,7.15,-0.08,-1.1189,8.2735,398835261,2856561787.0,34081741856.7,34081741856.7,None
2017-05-12,'600008,首创股份,7.15,7.47,6.59,6.72,6.79,0.36,5.3019,11.314,545403126,3843663886.0,34467390986.6,34467390986.6,None
2017-05-11,'600008,首创股份,6.79,6.85,6.36,6.48,6.43,0.36,5.5988,7.5316,363068157,2401129617.0,32731969902.0,32731969902.0,None
2017-05-10,'600008,首创股份,6.43,6.95,6.32,6.88,6.94,-0.51,-7.3487,7.169,345590313,2286701500.0,30996548817.3,30996548817.3,None
2017-05-09,'600008,首创股份,6.94,7.04,6.7,6.91,6.93,0.01,0.1443,6.647,320426668,2199787824.0,33455062020.6,33455062020.6,None
2017-05-08,'600008,首创股份,6.93,7.54,6.87,7.46,7.49,-0.56,-7.4766,7.8233,377131661,2730233045.0,33406855879.3,33406855879.3,None
2017-05-05,'600008,首创股份,7.49,7.7,7.22,7.55,7.7,-0.21,-2.7273,9.8073,472772097,3520501934.0,36106399788.8,36106399788.8,None
2017-05-04,'600008,首创股份,7.7,7.82,6.95,6.99,7.11,0.59,8.2982,16.6808,804118444,6146013110.0,37118728754.8,37118728754.8,None
2017-05-03,'600008,首创股份,7.11,7.61,7.08,7.58,7.79,-0.68,-8.7291,9.5825,461936964,3389885971.0,34274566421.6,34274566421.6,None
2017-05-02,'600008,首创股份,7.79,7.84,7.28,7.51,7.51,0.28,3.7284,11.4019,549642965,4156100348.0,37552584026.0,37552584026.0,None
2017-04-28,'600008,首创股份,7.51,7.65,7.21,7.24,7.38,0.13,1.7615,11.5557,557054577,4150643686.0,36202812071.2,36202812071.2,None
2017-04-27,'600008,首创股份,7.38,7.94,7.31,7.45,7.22,0.16,2.2161,19.2241,926721329,7069356306.0,35576132235.1,35576132235.1,None
2017-04-26,'600008,首创股份,7.22,7.22,6.32,6.38,6.56,0.66,10.061,11.3269,546027782,3733705192.0,34804833975.3,34804833975.3,None
2017-04-25,'600008,首创股份,6.56,6.88,6.08,6.28,6.29,0.27,4.2925,11.2808,543805524,3545056477.0,31623228653.4,31623228653.4,None
2017-04-24,'600008,首创股份,6.29,6.58,6.18,6.22,6.32,-0.03,-0.4747,7.5626,364563109,2310799833.0,30321662840.0,30321662840.0,None
2017-04-21,'600008,首创股份,6.32,7.0,6.32,6.83,7.02,-0.7,-9.9715,9.9189,478149711,3145480227.0,30466281263.7,30466281263.7,None
2017-04-20,'600008,首创股份,7.02,7.38,6.78,7.3,7.3,-0.28,-3.8356,10.0424,484105023,3451061141.0,33840711150.5,33840711150.5,None
2017-04-19,'600008,首创股份,7.3,7.56,6.86,7.25,7.5,-0.2,-2.6667,11.0887,534545250,3847500479.0,35190483105.2,35190483105.2,None
2017-04-18,'600008,首创股份,7.5,8.05,7.5,7.69,8.33,-0.83,-9.964,12.9076,622225251,4776348971.0,36154605930.0,36154605930.0,None
2017-04-17,'600008,首创股份,0.0,0.0,0.0,0.0,8.33,None,None,0.0,0,0.0,40155715652.9,40155715652.9,None
2017-04-14,'600008,首创股份,0.0,0.0,0.0,0.0,8.33,None,None,0.0,0,0.0,40155715652.9,40155715652.9,None
2017-04-13,'600008,首创股份,8.33,8.33,7.58,7.6,7.57,0.76,10.0396,20.3517,981078020,7836580835.0,40155715652.9,40155715652.9,None
2017-04-12,'600008,首创股份,7.57,7.57,7.48,7.57,6.88,0.69,10.0291,6.5073,313692440,2374180827.0,36492048918.7,36492048918.7,None
2017-04-11,'600008,首创股份,6.88,6.88,6.88,6.88,6.25,0.63,10.08,0.2958,14260411,98111628.0,33165825173.1,33165825173.1,None
2017-04-10,'600008,首创股份,6.25,6.25,6.25,6.25,5.68,0.57,10.0352,0.7721,37218980,232618625.0,30128838275.0,30128838275.0,None
2017-04-07,'600008,首创股份,5.68,5.68,4.93,4.99,5.16,0.52,10.0775,7.556,364245092,1912217539.0,27381088224.3,27381088224.3,None
2017-04-06,'600008,首创股份,5.16,5.16,4.9,5.16,4.69,0.47,10.0213,11.9566,576383430,2935222196.0,24874368879.8,24874368879.8,None
2017-04-05,'600008,首创股份,4.69,4.69,4.69,4.69,4.26,0.43,10.0939,1.4505,69923098,327939330.0,22608680241.6,22608680241.6,None
2017-03-31,'600008,首创股份,4.26,4.26,4.22,4.22,4.22,0.04,0.9479,0.3794,18290049,77639473.0,20535816168.2,20535816168.2,None
2017-03-30,'600008,首创股份,4.22,4.29,4.21,4.28,4.28,-0.06,-1.4019,0.5833,28117744,119242986.0,20342991603.3,20342991603.3,None
2017-03-29,'600008,首创股份,4.28,4.31,4.26,4.27,4.28,0.0,0.0,0.3907,18835884,80708299.0,20632228450.7,20632228450.7,None
2017-03-28,'600008,首创股份,4.28,4.31,4.27,4.3,4.3,-0.02,-0.4651,0.3062,14762138,63236268.0,20632228450.7,20632228450.7,None
2017-03-27,'600008,首创股份,4.3,4.34,4.29,4.32,4.31,-0.01,-0.232,0.446,21498269,92683664.0,20728640733.2,20728640733.2,None
2017-03-24,'600008,首创股份,4.31,4.32,4.25,4.28,4.28,0.03,0.7009,0.5331,25699434,110146720.0,20776846874.4,20776846874.4,None
2017-03-23,'600008,首创股份,4.28,4.32,4.24,4.3,4.29,-0.01,-0.2331,0.4827,23269596,99708478.0,20632228450.7,20632228450.7,None
2017-03-22,'600008,首创股份,4.29,4.32,4.27,4.3,4.33,-0.04,-0.9238,0.4799,23132877,99256183.0,20680434592.0,20680434592.0,None
2017-03-21,'600008,首创股份,4.33,4.35,4.28,4.3,4.31,0.02,0.464,0.4393,21176516,91369620.0,20873259156.9,20873259156.9,None
2017-03-20,'600008,首创股份,4.31,4.32,4.28,4.29,4.3,0.01,0.2326,0.4078,19657048,84525098.0,20776846874.4,20776846874.4,None
2017-03-17,'600008,首创股份,4.3,4.37,4.27,4.36,4.36,-0.06,-1.3761,0.8258,39807023,172309830.0,20728640733.2,20728640733.2,None
2017-03-16,'600008,首创股份,4.36,4.42,4.36,4.38,4.39,-0.03,-0.6834,1.0447,50362320,220383761.0,21017877580.6,21017877580.6,None
2017-03-15,'600008,首创股份,4.39,4.39,4.29,4.32,4.34,0.05,1.1521,0.8805,42444072,184202263.0,21162496004.4,21162496004.4,None
2017-03-14,'600008,首创股份,4.34,4.39,4.31,4.38,4.37,-0.03,-0.6865,0.7942,38283417,166133653.0,20921465298.2,20921465298.2,None
2017-03-13,'600008,首创股份,4.37,4.42,4.34,4.35,4.36,0.01,0.2294,1.1383,54875380,240462413.0,21066083721.9,21066083721.9,None
2017-03-10,'600008,首创股份,4.36,4.45,4.35,4.4,4.4,-0.04,-0.9091,0.932,44928027,197369848.0,21017877580.6,21017877580.6,None
2017-03-09,'600008,首创股份,4.4,4.5,4.39,4.47,4.53,-0.13,-2.8698,1.6918,81555723,361977369.0,21210702145.6,21210702145.6,None
2017-03-08,'600008,首创股份,4.53,4.71,4.23,4.28,4.28,0.25,5.8411,2.875,138593753,622993762.0,21837381981.7,21837381981.7,None
2017-03-07,'600008,首创股份,4.28,4.34,4.26,4.29,4.32,-0.04,-0.9259,0.8144,39257853,168323820.0,20632228450.7,20632228450.7,None
2017-03-06,'600008,首创股份,4.32,4.44,4.29,4.36,4.33,-0.01,-0.2309,2.0252,97624743,425084098.0,20825053015.7,20825053015.7,None
2017-03-03,'600008,首创股份,0.0,0.0,0.0,0.0,4.33,None,None,0.0,0,0.0,20873259156.9,20873259156.9,None
2017-03-02,'600008,首创股份,0.0,0.0,0.0,0.0,4.33,None,None,0.0,0,0.0,20873259156.9,20873259156.9,None
2017-03-01,'600008,首创股份,0.0,0.0,0.0,0.0,4.33,None,None,0.0,0,0.0,20873259156.9,20873259156.9,None
2017-02-28,'600008,首创股份,0.0,0.0,0.0,0.0,4.33,None,None,0.0,0,0.0,20873259156.9,20873259156.9,None
2017-02-27,'600008,首创股份,0.0,0.0,0.0,0.0,4.33,None,None,0.0,0,0.0,20873259156.9,20873259156.9,None
2017-02-24,'600008,首创股份,0.0,0.0,0.0,0.0,4.33,None,None,0.0,0,0.0,20873259156.9,20873259156.9,None
2017-02-23,'600008,首创股份,0.0,0.0,0.0,0.0,4.33,None,None,0.0,0,0.0,20873259156.9,20873259156.9,None
2017-02-22,'600008,首创股份,0.0,0.0,0.0,0.0,4.33,None,None,0.0,0,0.0,20873259156.9,20873259156.9,None
2017-02-21,'600008,首创股份,4.33,4.34,4.28,4.28,4.28,0.05,1.1682,1.137,54808822,236263608.0,20873259156.9,20873259156.9,None
2017-02-20,'600008,首创股份,4.28,4.31,4.25,4.26,4.25,0.03,0.7059,0.8498,40964921,175475227.0,20632228450.7,20632228450.7,None
2017-02-17,'600008,首创股份,4.25,4.32,4.25,4.3,4.31,-0.06,-1.3921,0.6702,32307823,138229485.0,20487610027.0,20487610027.0,None
2017-02-16,'600008,首创股份,4.31,4.32,4.25,4.29,4.29,0.02,0.4662,0.8907,42935290,184195234.0,20776846874.4,20776846874.4,None
2017-02-15,'600008,首创股份,4.29,4.3,4.22,4.23,4.24,0.05,1.1792,1.0086,48620552,207379970.0,20680434592.0,20680434592.0,None
2017-02-14,'600008,首创股份,4.24,4.26,4.2,4.25,4.25,-0.01,-0.2353,0.5152,24833609,104891556.0,20439403885.8,20439403885.8,None
2017-02-13,'600008,首创股份,4.25,4.29,4.22,4.22,4.22,0.03,0.7109,0.5583,26912272,114492228.0,20487610027.0,20487610027.0,None
2017-02-10,'600008,首创股份,4.22,4.24,4.18,4.2,4.2,0.02,0.4762,0.6344,30581387,128913594.0,20342991603.3,20342991603.3,None
2017-02-09,'600008,首创股份,4.2,4.22,4.16,4.17,4.17,0.03,0.7194,0.6288,30313413,127327852.0,20246579320.8,20246579320.8,None
2017-02-08,'600008,首创股份,4.17,4.17,4.14,4.14,4.15,0.02,0.4819,0.2898,13969362,57979942.0,20101960897.1,20101960897.1,None
2017-02-07,'600008,首创股份,4.15,4.17,4.14,4.17,4.18,-0.03,-0.7177,0.2274,10962026,45561304.0,20005548614.6,20005548614.6,None
2017-02-06,'600008,首创股份,4.18,4.18,4.14,4.15,4.15,0.03,0.7229,0.5386,25962289,107990868.0,20150167038.3,20150167038.3,None
2017-02-03,'600008,首创股份,4.15,4.19,4.15,4.18,4.18,-0.03,-0.7177,0.1361,6562200,27342410.0,20005548614.6,20005548614.6,None
2017-01-26,'600008,首创股份,4.18,4.19,4.17,4.17,4.17,0.01,0.2398,0.2038,9822587,41055782.0,20150167038.3,20150167038.3,None
2017-01-25,'600008,首创股份,4.17,4.18,4.16,4.17,4.17,0.0,0.0,0.1697,8179393,34121621.0,20101960897.1,20101960897.1,None
2017-01-24,'600008,首创股份,4.17,4.18,4.15,4.17,4.18,-0.01,-0.2392,0.177,8533515,35559193.0,20101960897.1,20101960897.1,None
2017-01-23,'600008,首创股份,4.18,4.19,4.15,4.16,4.17,0.01,0.2398,0.2874,13856796,57779553.0,20150167038.3,20150167038.3,None
2017-01-20,'600008,首创股份,4.17,4.18,4.13,4.13,4.14,0.03,0.7246,0.2476,11934666,49698423.0,20101960897.1,20101960897.1,None
2017-01-19,'600008,首创股份,4.14,4.17,4.13,4.14,4.15,-0.01,-0.241,0.1865,8988500,37306445.0,19957342473.4,19957342473.4,None
2017-01-18,'600008,首创股份,4.15,4.18,4.12,4.14,4.15,0.0,0.0,0.2617,12613285,52462522.0,20005548614.6,20005548614.6,None
2017-01-17,'600008,首创股份,4.15,4.17,4.11,4.14,4.16,-0.01,-0.2404,0.2157,10398039,43052507.0,20005548614.6,20005548614.6,None
2017-01-16,'600008,首创股份,4.16,4.2,4.04,4.09,4.12,0.04,0.9709,1.2096,58312046,241179926.0,20053754755.8,20053754755.8,None
2017-01-13,'600008,首创股份,4.12,4.14,4.07,4.1,4.1,0.02,0.4878,0.3136,15116538,61897396.0,19860930190.9,19860930190.9,None
2017-01-12,'600008,首创股份,4.1,4.14,4.09,4.13,4.12,-0.02,-0.4854,0.2928,14113949,58044477.0,19764517908.4,19764517908.4,None
2017-01-11,'600008,首创股份,4.12,4.17,4.11,4.17,4.18,-0.06,-1.4354,0.4528,21827768,90324350.0,19860930190.9,19860930190.9,None
2017-01-10,'600008,首创股份,4.18,4.2,4.15,4.2,4.21,-0.03,-0.7126,0.4161,20060467,83593452.0,20150167038.3,20150167038.3,None
2017-01-09,'600008,首创股份,4.21,4.21,4.15,4.19,4.19,0.02,0.4773,0.42,20244191,84575671.0,20294785462.0,20294785462.0,None
2017-01-06,'600008,首创股份,4.19,4.24,4.14,4.15,4.16,0.03,0.7212,0.6435,31021833,130016159.0,20198373179.6,20198373179.6,None
2017-01-05,'600008,首创股份,4.16,4.18,4.14,4.17,4.17,-0.01,-0.2398,0.2679,12915149,53690564.0,20053754755.8,20053754755.8,None
2017-01-04,'600008,首创股份,4.17,4.17,4.12,4.15,4.14,0.03,0.7246,0.2345,11302581,46868881.0,20101960897.1,20101960897.1,None
2017-01-03,'600008,首创股份,4.14,4.15,4.1,4.1,4.11,0.03,0.7299,0.2066,9960015,41138605.0,19957342473.4,19957342473.4,None
2016-12-30,'600008,首创股份,4.11,4.14,4.1,4.12,4.12,-0.01,-0.2427,0.1865,8991370,37001216.0,19812724049.6,19812724049.6,None
2016-12-29,'600008,首创股份,4.12,4.17,4.1,4.17,4.17,-0.05,-1.199,0.2856,13765931,56862607.0,19860930190.9,19860930190.9,None
2016-12-28,'600008,首创股份,4.17,4.18,4.13,4.17,4.19,-0.02,-0.4773,0.2586,12463912,51793368.0,20101960897.1,20101960897.1,None
2016-12-27,'600008,首创股份,4.19,4.23,4.16,4.17,4.15,0.04,0.9639,0.3856,18588065,77886398.0,20198373179.6,20198373179.6,None
2016-12-26,'600008,首创股份,4.15,4.16,4.09,4.14,4.13,0.02,0.4843,0.2543,12257521,50589583.0,20005548614.6,20005548614.6,None
2016-12-23,'600008,首创股份,4.13,4.19,4.12,4.18,4.17,-0.04,-0.9592,0.2424,11683887,48426685.0,19909136332.1,19909136332.1,None
2016-12-22,'600008,首创股份,4.17,4.2,4.14,4.19,4.19,-0.02,-0.4773,0.3579,17251683,71762940.0,20101960897.1,20101960897.1,None
2016-12-21,'600008,首创股份,4.19,4.23,4.1,4.11,4.1,0.09,2.1951,0.6485,31261407,130174647.0,20198373179.6,20198373179.6,None
2016-12-20,'600008,首创股份,4.1,4.13,4.08,4.1,4.1,0.0,0.0,0.2588,12475278,51181278.0,19764517908.4,19764517908.4,None
2016-12-19,'600008,首创股份,4.1,4.12,4.08,4.11,4.1,0.0,0.0,0.2129,10262848,42097891.0,19764517908.4,19764517908.4,None
2016-12-16,'600008,首创股份,4.1,4.11,4.08,4.09,4.09,0.01,0.2445,0.2867,13822347,56622816.0,19764517908.4,19764517908.4,None
2016-12-15,'600008,首创股份,4.09,4.11,4.06,4.08,4.09,0.0,0.0,0.2693,12982513,53031520.0,19716311767.2,19716311767.2,None
2016-12-14,'600008,首创股份,4.09,4.11,4.07,4.09,4.09,0.0,0.0,0.2814,13563411,55438716.0,19716311767.2,19716311767.2,None
2016-12-13,'600008,首创股份,4.09,4.12,4.04,4.07,4.08,0.01,0.2451,0.3859,18603609,75835062.0,19716311767.2,19716311767.2,None
2016-12-12,'600008,首创股份,4.08,4.25,4.07,4.23,4.23,-0.15,-3.5461,0.7794,37569636,155613421.0,19668105625.9,19668105625.9,None
2016-12-09,'600008,首创股份,4.23,4.26,4.22,4.25,4.25,-0.02,-0.4706,0.4277,20620011,87294079.0,20391197744.5,20391197744.5,None
2016-12-08,'600008,首创股份,4.25,4.31,4.24,4.28,4.27,-0.02,-0.4684,0.4975,23982148,102430028.0,20487610027.0,20487610027.0,None
2016-12-07,'600008,首创股份,4.27,4.27,4.23,4.25,4.26,0.01,0.2347,0.3422,16495972,70143968.0,20584022309.5,20584022309.5,None
2016-12-06,'600008,首创股份,4.26,4.28,4.24,4.26,4.24,0.02,0.4717,0.2853,13751588,58539385.0,20535816168.2,20535816168.2,None
2016-12-05,'600008,首创股份,4.24,4.3,4.23,4.24,4.26,-0.02,-0.4695,0.4513,21757105,92569264.0,20439403885.8,20439403885.8,None
2016-12-02,'600008,首创股份,4.26,4.35,4.26,4.34,4.35,-0.09,-2.069,0.6131,29553027,126864977.0,20535816168.2,20535816168.2,None
2016-12-01,'600008,首创股份,4.35,4.39,4.29,4.3,4.32,0.03,0.6944,0.6744,32510188,141064210.0,20969671439.4,20969671439.4,None
